0,0,0,-8.5088,0.0001
0.0005,0.0449,4.3636,-8.51,0.0013
0.0017,0.1216,7.8123,-8.514,0.0044
0.0037,0.2007,7.9387,-8.5216,0.0096
0.0065,0.2806,7.9864,-8.5331,0.0169
0.0101,0.3607,7.9968,-8.5485,0.0263
0.0145,0.4405,8.0329,-8.5676,0.0377
0.0197,0.5202,7.9665,-8.5906,0.0513
0.0257,0.6003,8.0057,-8.6175,0.067
0.0325,0.6802,8.0065,-8.6483,0.0848
0.0401,0.7602,7.9883,-8.683,0.1048
0.0485,0.8401,8.0116,-8.7216,0.1269
0.0577,0.9202,7.9801,-8.7642,0.1513
0.0677,1.0003,8.0168,-8.8108,0.1778
0.0785,1.0801,8.0027,-8.8613,0.2065
0.0901,1.1601,7.9927,-8.9158,0.2375
0.1025,1.2401,7.9973,-8.9744,0.2708
0.1157,1.3201,8.001,-9.0371,0.3064
0.1297,1.4001,8.004,-9.1039,0.3443
0.1445,1.4801,7.997,-9.1747,0.3846
0.1601,1.5601,8.0008,-9.2498,0.4273
0.1765,1.64,8.0041,-9.329,0.4724
0.1937,1.72,7.9905,-9.4125,0.5201
0.2117,1.8001,8.0032,-9.5002,0.5703
0.2305,1.8801,8.0063,-9.5921,0.623
0.2501,1.96,7.9949,-9.6883,0.6784
0.2705,2.04,7.9993,-9.7888,0.7365
0.2917,2.1201,7.9968,-9.8936,0.7974
0.3137,2.2001,8.0072,-10.0027,0.861
0.3365,2.28,7.9984,-10.1159,0.9275
0.3601,2.36,7.997,-10.2335,0.997
0.3845,2.44,8.0014,-10.3552,1.0695
0.4097,2.52,7.995,-10.4812,1.1452
0.4357,2.6001,8.0049,-10.6113,1.224
0.4625,2.68,7.9991,-10.7453,1.3061
0.4901,2.76,8.0037,-10.8831,1.3915
0.5185,2.84,7.9946,-11.0246,1.4805
0.5477,2.92,7.9999,-11.1696,1.5731
0.5777,3,8.0047,-11.3178,1.6693
0.6085,3.08,7.9934,-11.469,1.7695
0.6401,3.16,8.0067,-11.6227,1.8735
0.6725,3.24,7.9966,-11.7785,1.9817
0.7057,3.32,7.9988,-11.9359,2.0942
0.7397,3.4,8.001,-12.0941,2.2111
0.7745,3.48,8,-12.2525,2.3326
0.8101,3.56,7.9996,-12.41,2.4589
0.8465,3.64,7.9995,-12.5656,2.5902
0.8837,3.72,7.9999,-12.7179,2.7267
0.9217,3.8,8.0006,-12.8652,2.8686
0.9605,3.88,7.9989,-13.0058,3.0162
1.0001,3.96,8.003,-13.1373,3.1696
1.0405,4.04,7.997,-13.2571,3.3293
1.0817,4.12,7.9995,-13.3621,3.4955
1.1237,4.2,8.0019,-13.4484,3.6684
1.1665,4.28,8.0001,-13.5117,3.8484
1.2101,4.36,7.9988,-13.5468,4.0359
1.2545,4.44,8.0001,-13.5474,4.2312
1.2997,4.52,7.9995,-13.5065,4.4347
1.3457,4.6,8.0011,-13.4156,4.6467
1.3925,4.68,8.0007,-13.2649,4.8676
1.4401,4.76,7.9987,-13.0431,5.0979
1.4885,4.84,8.0001,-12.7373,5.3379
1.5374,4.895,5.5095,-12.3341,5.5866
1.5857,4.8307,-6.4369,-11.8269,5.838
1.6332,4.7507,-7.9983,-11.2141,6.091
1.6799,4.6707,-8.001,-10.4921,6.345
1.7258,4.5907,-7.9995,-9.6586,6.5996
1.7709,4.5107,-8,-8.7135,6.8542
1.8153,4.4307,-7.998,-7.6592,7.1083
1.8588,4.3507,-7.9999,-6.5016,7.3611
1.9015,4.2707,-8.0011,-5.2502,7.6118
1.9434,4.1907,-7.9972,-3.9169,7.8599
1.9845,4.1107,-7.9979,-2.5168,8.1044
2.0249,4.0372,-7.351,-1.0657,8.3452
2.0647,3.9831,-5.4149,0.423,8.5825
2.1042,3.9481,-3.4995,1.9386,8.8171
2.1435,3.9305,-1.7612,3.4705,9.0491
2.1828,3.929,-0.1441,5.0081,9.2791
2.2222,3.9429,1.3852,6.5421,9.5074
2.2618,3.9583,1.5377,8.0604,9.7335
2.3007,3.8941,-6.4166,9.5343,9.9524
2.3393,3.862,-3.2097,10.2802,11.6864
2.3787,3.9384,7.6366,9.0236,13.8686
2.4189,4.0184,8.0003,7.8869,16.0669
2.4599,4.0984,7.9985,6.9943,18.2855
2.5017,4.1784,8.0006,6.3382,20.5268
2.544,4.2346,5.6186,5.9153,22.7826
2.5857,4.1711,-6.3485,5.7247,24.9939
2.6266,4.0911,-8.0003,5.7558,27.1574
2.6667,4.0111,-7.9997,5.9938,29.278
2.7061,3.9311,-7.9995,6.4278,31.3597
2.7446,3.8511,-8.0012,7.0505,33.405
2.7823,3.7711,-8.0004,7.8574,35.417
2.8192,3.6911,-8.0001,8.8463,37.3983
2.8553,3.6111,-7.9987,10.0172,39.3512
2.8906,3.5311,-8.0012,11.3704,41.2757
2.9251,3.4511,-8.0009,12.9063,43.1727
2.9588,3.3711,-7.9976,14.6264,45.0438
2.9918,3.2911,-8.0016,16.5297,46.8866
3.0239,3.2111,-7.9991,18.6133,48.701
3.0552,3.1311,-8.0004,20.8717,50.4846
3.0857,3.0515,-7.9616,23.2945,52.235
3.1155,2.979,-7.2448,25.8712,53.9547
3.1447,2.9186,-6.038,28.592,55.6459
3.1734,2.8694,-4.9198,31.4453,57.3121
3.2017,2.8306,-3.886,34.4163,58.9548
3.2297,2.8015,-2.9133,37.486,60.5756
3.2575,2.7816,-1.988,40.6312,62.1745
3.2852,2.7706,-1.097,43.8259,63.7524
3.3129,2.7683,-0.2333,47.0428,65.3092
3.3406,2.7744,0.6101,50.2541,66.8458
3.3685,2.7888,1.4385,53.4319,68.3605
3.3966,2.8113,2.2541,56.5499,69.8541
3.425,2.8419,3.0609,59.5869,71.3267
3.4539,2.8805,3.8593,62.5259,72.7799
3.4831,2.9271,4.6552,65.3539,74.2136
3.513,2.9815,5.4459,68.0615,75.6294
3.5434,3.0439,6.2384,70.6427,77.0275
3.5745,3.1142,7.0255,73.0956,78.4102
3.6064,3.1917,7.7589,75.4202,79.7774
3.6392,3.2717,7.9965,77.6177,81.1301
3.6727,3.3517,8.0015,79.689,82.4658
3.7067,3.4021,5.0381,81.6278,83.7732
3.74,3.3344,-6.7739,83.4035,85.0092
3.7726,3.2544,-7.9986,85.0014,86.1756
3.8043,3.1743,-8.0026,86.4404,87.2764
3.8353,3.0944,-7.9991,87.7403,88.3173
3.8654,3.0143,-7.9997,88.9183,89.3022
3.8948,2.9343,-8.0021,89.9886,90.2345
3.9233,2.8545,-7.9786,90.9626,91.2322
3.952,2.8676,1.3106,93.0411,92.9278
3.9814,2.9378,7.0111,95.8712,94.6261
4.0115,3.012,7.4214,98.5318,96.328
4.0424,3.0897,7.7658,101.037,98.0353
4.0741,3.1695,7.9792,103.3999,99.7471
4.1066,3.2494,8.0014,105.632,101.4634
4.1399,3.3294,7.9973,107.7465,103.186
4.1739,3.4094,8.0022,109.7544,104.9131
4.2088,3.4894,7.9991,111.6666,106.6465
4.2445,3.5694,7.9985,113.4943,108.3871
4.281,3.6494,8.0023,115.2467,110.134
4.3183,3.7294,7.9981,116.9333,111.8899
4.3564,3.8094,8.0002,118.5633,113.6548
4.3953,3.8892,7.9762,120.1442,115.4296
4.4349,3.9593,7.0072,121.6821,117.2116
4.4751,4.0203,6.0995,123.181,118.9972
4.5159,4.0752,5.4979,124.6456,120.7864
4.5571,4.1238,4.8541,126.0811,122.5765
4.5988,4.1655,4.1699,127.4922,124.3675
4.6408,4.2001,3.4615,128.8835,126.1576
4.683,4.2275,2.7367,130.259,127.945
4.7255,4.2475,2.0051,131.623,129.7297
4.7681,4.2603,1.28,132.9788,131.5081
4.8108,4.266,0.5673,134.3301,133.2811
4.8534,4.2648,-0.1216,135.6806,135.0469
4.896,4.257,-0.7804,137.0334,136.8037
4.9384,4.2429,-1.4016,138.3911,138.5506
4.9807,4.2231,-1.9793,139.7573,140.2876
5.0226,4.198,-2.5109,141.1347,142.0129
5.0643,4.1681,-2.9916,142.5258,143.7256
5.1057,4.1339,-3.4179,143.9338,145.4266
5.1466,4.096,-3.7942,145.361,147.1132
5.1872,4.0549,-4.1118,146.8099,148.7872
5.2273,4.0111,-4.3801,148.2834,150.4468
5.2669,3.9652,-4.5928,149.7835,152.0929
5.3061,3.9176,-4.7573,151.3128,153.7246
5.3448,3.8689,-4.8722,152.873,155.3419
5.383,3.8195,-4.9393,154.4668,156.9457
5.4207,3.7698,-4.967,156.0954,158.5342
5.4579,3.7203,-4.9466,157.7612,160.1101
5.4946,3.6714,-4.895,159.4659,161.6716
5.5308,3.6234,-4.8035,161.2103,163.2196
5.5666,3.5766,-4.6791,162.9963,164.755
5.6019,3.5313,-4.5257,164.825,166.2778
5.6368,3.4879,-4.3443,166.6969,167.788
5.6713,3.4465,-4.1374,168.6118,169.2856
5.7053,3.4074,-3.906,170.5696,170.7715
5.739,3.3709,-3.6546,172.5702,172.2457
5.7724,3.3371,-3.3829,174.6126,173.7091
5.8055,3.3061,-3.0948,176.6956,175.1617
5.8382,3.2782,-2.792,178.816,176.6026
5.8708,3.2535,-2.4725,-179.0284,178.0336
5.9031,3.232,-2.143,-176.8405,179.4538
5.9352,3.214,-1.8008,-174.6244,-179.1359
5.9676,3.2389,2.4855,-173.147,-178.2355
6.0008,3.3171,7.8213,-172.2972,-177.3526
6.0348,3.3971,7.9949,-171.3667,-176.427
6.0695,3.4771,8.0055,-170.3615,-175.4587
6.1051,3.557,7.9945,-169.2733,-174.4423
6.1415,3.6371,8.0028,-168.0926,-173.377
6.1786,3.717,8.0012,-166.8098,-172.2591
6.2166,3.797,7.9978,-165.4122,-171.0843
6.2548,3.8197,2.2718,-163.898,-169.8677
6.2922,3.7416,-7.8098,-162.2896,-168.6404
6.3289,3.6616,-8.0009,-160.605,-167.4042
6.3647,3.5816,-7.9983,-158.8431,-166.1591
6.3997,3.5022,-7.945,-157.0034,-164.9068
6.434,3.4268,-7.5403,-155.0856,-163.6466
6.4675,3.3568,-7.0042,-153.0876,-162.3775
6.5004,3.2921,-6.4667,-151.0081,-161.0985
6.5328,3.2328,-5.9281,-148.8464,-159.8089
6.5646,3.1789,-5.3922,-146.6041,-158.5095
6.5959,3.1304,-4.8496,-144.2831,-157.1986
6.6267,3.0873,-4.3079,-141.885,-155.8751
6.6572,3.0496,-3.7664,-139.414,-154.5392
6.6874,3.0174,-3.2225,-136.8756,-153.19
6.7173,2.9906,-2.6808,-134.2784,-151.8292
6.747,2.9693,-2.1344,-131.6307,-150.4541
6.7765,2.9534,-1.5909,-128.9409,-149.0657
6.806,2.9429,-1.0469,-126.2212,-147.664
6.8353,2.9379,-0.5036,-123.4837,-146.2489
6.8647,2.9382,0.0383,-120.7408,-144.8204
6.8942,2.944,0.5782,-118.0043,-143.3777
6.9237,2.9552,1.1163,-115.2876,-141.9226
6.9534,2.9717,1.6504,-112.6032,-140.4541
6.9834,2.9935,2.1802,-109.9606,-138.9714
7.0136,3.0206,2.7061,-107.3689,-137.4744
7.0441,3.0528,3.2276,-104.8376,-135.964
7.075,3.0902,3.7389,-102.3726,-134.4377
7.1063,3.1327,4.2473,-99.9787,-132.8962
7.1381,3.1801,4.7439,-97.6602,-131.3378
7.1705,3.2324,5.2323,-95.4186,-129.7616
7.2034,3.2895,5.71,-93.2556,-128.1668
7.2369,3.3513,6.1737,-91.1711,-126.5514
7.271,3.4175,6.6249,-89.1643,-124.9147
7.3059,3.4881,7.0561,-87.2336,-123.254
7.3416,3.5628,7.474,-85.3772,-121.5692
7.378,3.6413,7.8452,-83.5927,-119.8568
7.4152,3.7213,7.9975,-81.8773,-118.1169
7.4532,3.8013,7.9998,-80.2295,-116.3485
7.492,3.8813,7.9998,-78.6469,-114.5507
7.5316,3.9613,8.0005,-77.1268,-112.7226
7.572,4.0413,7.9982,-75.6659,-110.8616
7.6133,4.1213,8.0005,-74.2607,-108.9668
7.6552,4.2013,8.0017,-72.9081,-107.0364
7.6981,4.2812,7.9966,-71.6036,-105.065
7.7417,4.3612,8.0018,-70.3432,-103.0519
7.7861,4.4412,7.9993,-69.1229,-100.9915
7.8311,4.4978,5.6535,-67.9407,-98.8893
7.8761,4.4975,-0.0316,-66.8016,-96.7685
7.9204,4.4399,-5.7537,-65.713,-94.6503
7.9641,4.3599,-7.9994,-64.6757,-92.5401
8.0068,4.2799,-8.0018,-63.6841,-90.4343
8.0489,4.2018,-7.8083,-62.4463,-89.1927
8.0901,4.1199,-8.2006,-61.0168,-88.1748
8.1305,4.0404,-7.9474,-59.5707,-87.1551
8.1701,3.965,-7.5318,-58.0784,-86.1336
8.2091,3.8954,-6.9593,-56.5411,-85.1103
8.2474,3.8315,-6.3913,-54.9602,-84.0852
8.2851,3.7733,-5.8256,-53.3368,-83.0574
8.3223,3.7206,-5.2642,-51.6718,-82.026
8.3591,3.6735,-4.7104,-49.968,-80.9919
8.3954,3.632,-4.1529,-48.2278,-79.9533
8.4313,3.596,-3.6007,-46.4534,-78.9102
8.467,3.5655,-3.0485,-44.649,-77.8626
8.5024,3.5405,-2.4957,-42.8193,-76.8105
8.5376,3.5211,-1.9401,-40.9687,-75.753
8.5727,3.5073,-1.3819,-39.1011,-74.6892
8.6077,3.4991,-0.8208,-37.2231,-73.6209
8.6426,3.4966,-0.2522,-35.3401,-72.5454
8.6777,3.4998,0.323,-33.4562,-71.4627
8.7127,3.5089,0.9084,-31.5785,-70.3737
8.748,3.524,1.5046,-29.7135,-69.2775
8.7834,3.5451,2.1145,-27.8662,-68.1732
8.8191,3.5725,2.742,-26.042,-67.0608
8.8552,3.6064,3.3886,-24.2462,-65.9394
8.8917,3.647,4.059,-22.4833,-64.8081
8.9286,3.6946,4.758,-20.7572,-63.666
8.9661,3.7495,5.493,-19.0725,-62.5131
9.0043,3.8122,6.2641,-17.4327,-61.3476
9.0431,3.883,7.0856,-15.8403,-60.1686
9.0827,3.9613,7.8318,-14.2988,-58.9761
9.1231,4.0413,7.9972,-12.8112,-57.7692
9.1643,4.1213,8.002,-11.3819,-56.5506
9.2063,4.2013,8.001,-10.0151,-55.3212
9.2492,4.2813,7.9975,-8.7131,-54.081
9.2928,4.3613,8.003,-7.4782,-52.8327
9.3372,4.4413,7.9972,-6.3117,-51.5754
9.3824,4.5213,8.0033,-5.2144,-50.3118
9.4284,4.6013,7.9982,-4.1864,-49.041
9.4752,4.6813,7.9992,-3.2267,-47.7639
9.5228,4.7613,8.0032,-2.3353,-46.4823
9.5713,4.8413,7.9962,-1.5105,-45.1944
9.6204,4.9213,8.0035,-0.7512,-43.9029
9.6703,4.9907,6.9353,-0.0568,-42.6096
9.7203,5,0.9375,0.5707,-41.3298
9.7704,5,0,1.1311,-40.0653
9.8204,5,-0.0001,1.6281,-38.8161
9.8704,5,-0.0001,2.0659,-37.5813
9.9203,5,-0.0001,2.4484,-36.3609
9.9704,5,-0.0001,2.7793,-35.1531
10.0204,5,-0.0001,3.062,-33.9588
10.0704,5,-0.0001,3.2992,-32.7771
10.1204,5,-0.0001,3.4938,-31.6071
10.1704,5,-0.0001,3.6484,-30.4488
10.2203,5,-0.0001,3.7653,-29.3022
10.2701,4.9733,-2.6679,3.8464,-28.1709
10.3191,4.8947,-7.869,3.8938,-27.0684
10.3672,4.8147,-7.999,3.91,-25.9929
10.4145,4.7347,-8.0019,3.8982,-24.9444
10.4611,4.6547,-7.9977,3.8609,-23.9211
10.5068,4.5747,-8.0039,3.8006,-22.9239
10.5519,4.5075,-6.7107,3.7195,-21.9474
10.5969,4.5,-0.7511,3.6184,-20.9799
10.6419,4.5,0,3.4979,-20.0187
10.6869,4.5,0,3.3587,-19.0647
10.7319,4.5,0,3.2015,-18.117
10.7769,4.5,0,3.027,-17.1747
10.8219,4.5,0,2.8357,-16.2387
10.8669,4.5,0,2.6284,-15.3081
10.9119,4.5,0,2.4056,-14.3838
10.9569,4.5,0,2.1679,-13.4649
11.0019,4.5,0,1.9159,-12.5514
11.0469,4.5,0,1.6499,-11.6433
11.0919,4.5,0,1.3706,-10.7406
11.1369,4.5,0,1.0783,-9.8424
11.1819,4.5,0,0.7736,-8.9505
11.2269,4.5,0,0.4569,-8.0622
11.2719,4.5,0,0.1283,-7.1793
11.3169,4.5,0,-0.2112,-6.3018
11.3619,4.5,0,-0.5618,-5.4279
11.4069,4.5,0,-0.9229,-4.5594
11.4519,4.5,0,-1.2939,-3.6954
11.4969,4.5,0,-1.6747,-2.8359
11.5419,4.5,0,-2.0649,-1.9809
11.5869,4.5,0,-2.4641,-1.1304
11.6319,4.5,0,-2.8719,-0.2844
11.6769,4.497,-0.2981,-3.0392,-1.4329
11.7216,4.468,-2.9024,-3.5559,-3.609
11.7654,4.3885,-7.9555,-4.317,-5.7814
11.8085,4.3085,-7.9998,-5.1601,-7.9504
11.8508,4.2285,-7.9991,-6.0892,-10.1157
11.8923,4.1485,-7.9997,-7.108,-12.2767
11.933,4.0685,-8.0016,-8.2198,-14.4314
11.9729,3.9885,-7.9982,-9.4281,-16.5807
12.0119,3.9085,-8.0008,-10.7359,-18.722
12.0502,3.8285,-7.9997,-12.1453,-20.8545
12.0877,3.7485,-7.9996,-13.6578,-22.9762
12.1244,3.6685,-8.0006,-15.2734,-25.0847
12.1603,3.5885,-7.9993,-16.9909,-27.1779
12.1954,3.5085,-7.9989,-18.8076,-29.2534
12.2297,3.4288,-7.9708,-20.7185,-31.3075
12.2632,3.3545,-7.4325,-22.7175,-33.3394
12.2961,3.2896,-6.4883,-24.8004,-35.3526
12.3284,3.2337,-5.5869,-26.9636,-37.3489
12.3603,3.1864,-4.7329,-29.2002,-39.3282
12.3918,3.1472,-3.9127,-31.5029,-41.2933
12.4229,3.116,-3.1266,-33.8626,-43.2433
12.4539,3.0924,-2.3625,-36.269,-45.1809
12.4846,3.0762,-1.6205,-38.7115,-47.1059
12.5153,3.0672,-0.8947,-41.1769,-49.0176
12.5459,3.0654,-0.1814,-43.6517,-50.9169
12.5767,3.0706,0.5217,-46.1237,-52.8046
12.6075,3.0828,1.2176,-48.5798,-54.6798
12.6385,3.1019,1.9078,-51.0075,-56.5435
12.6698,3.1278,2.5957,-53.3955,-58.3947
12.7014,3.1606,3.2795,-55.7343,-60.2361
12.7334,3.2003,3.9674,-58.0156,-62.0659
12.7659,3.2468,4.6537,-60.2317,-63.886
12.7989,3.3003,5.3439,-62.378,-65.6971
12.8325,3.3607,6.0403,-64.4501,-67.4994
12.8667,3.4281,6.7381,-66.446,-69.2954
12.9018,3.5025,7.4481,-68.364,-71.0843
12.9376,3.582,7.9446,-70.2027,-72.867
12.9742,3.662,8.0001,-71.9613,-74.6416
13.0116,3.742,7.9999,-73.6384,-76.4065
13.0499,3.822,7.9984,-75.2343,-78.1607
13.0889,3.902,8.0038,-76.7492,-79.9006
13.1287,3.982,7.9975,-78.185,-81.6281
13.1693,4.062,7.9999,-79.545,-83.3414
13.2101,4.0851,2.312,-80.8225,-85.0155
13.2502,4.0071,-7.801,-82.0011,-86.6148
13.2895,3.9271,-8.0021,-83.077,-88.1411
13.328,3.8499,-7.7174,-84.1074,-89.4932
13.3659,3.7923,-5.755,-85.5931,-90.6794
13.4034,3.7433,-4.9025,-87.242,-91.8719
13.4403,3.6978,-4.5511,-88.927,-93.0698
13.4769,3.6558,-4.1948,-90.6472,-94.2749
13.5131,3.6174,-3.8435,-92.4016,-95.4863
13.5489,3.5825,-3.4897,-94.188,-96.7049
13.5844,3.5511,-3.1378,-96.0047,-97.9307
13.6196,3.5233,-2.7867,-97.8491,-99.1637
13.6546,3.4989,-2.4355,-99.719,-100.4048
13.6894,3.478,-2.0864,-101.6119,-101.654
13.724,3.4606,-1.7387,-103.5245,-102.9113
13.7585,3.4467,-1.3922,-105.4538,-104.1776
13.7928,3.4362,-1.0486,-107.3962,-105.452
13.8271,3.4292,-0.7067,-109.3476,-106.7354
13.8614,3.4255,-0.3678,-111.3056,-108.0287
13.8956,3.4252,-0.0325,-113.2653,-109.3301
13.9299,3.4282,0.2991,-115.2236,-110.6423
13.9643,3.4344,0.6267,-117.1772,-111.9635
13.9987,3.4439,0.949,-119.1215,-113.2946
14.0333,3.4566,1.2653,-121.0542,-114.6365
14.068,3.4723,1.5758,-122.9723,-115.9892
14.1029,3.4911,1.8797,-124.8721,-117.3518
14.138,3.5129,2.1737,-126.7511,-118.7261
14.1734,3.5375,2.4607,-128.607,-120.1112
14.2091,3.5648,2.7352,-130.4382,-121.5089
14.245,3.5948,3.001,-132.2429,-122.9183
14.2813,3.6274,3.2524,-134.0192,-124.3403
14.3179,3.6623,3.4909,-135.7662,-125.7749
14.3549,3.6994,3.7126,-137.483,-127.223
14.3923,3.7386,3.9184,-139.1692,-128.6846
14.4301,3.7796,4.1038,-140.8245,-130.1606
14.4683,3.8223,4.2693,-142.4489,-131.651
14.507,3.8664,4.4103,-144.0427,-133.1567
14.5461,3.9117,4.5283,-145.6058,-134.6768
14.5856,3.9578,4.6139,-147.1389,-136.2131
14.6257,4.0045,4.6712,-148.6434,-137.7656
14.6662,4.0515,4.6933,-150.1202,-139.3352
14.7072,4.0983,4.6809,-151.5702,-140.921
14.7486,4.1445,4.6268,-152.9938,-142.523
14.7906,4.1898,4.5253,-154.3936,-144.1439
14.8329,4.2336,4.3841,-155.7708,-145.781
14.8756,4.2755,4.1861,-157.1266,-147.4361
14.9188,4.3149,3.9376,-158.4631,-149.1083
14.9623,4.3512,3.6298,-159.7821,-150.7985
15.0061,4.3838,3.2637,-161.0859,-152.5058
15.0503,4.4122,2.8348,-162.3758,-154.2293
15.0946,4.4356,2.3401,-163.6546,-155.9699
15.1391,4.4534,1.7813,-164.925,-157.7267
15.1838,4.465,1.1569,-166.1892,-159.4988
15.2285,4.4696,0.4684,-167.4498,-161.2844
15.2732,4.4668,-0.2815,-168.7099,-163.0844
15.3177,4.4536,-1.3225,-169.9728,-164.8961
15.3616,4.3907,-6.2886,-171.2354,-166.7006
15.4047,4.3107,-8.001,-172.4937,-168.4925
15.447,4.2307,-8.0003,-173.7512,-170.2736
15.4885,4.1507,-7.9977,-175.0143,-172.0466
15.5292,4.0707,-8.0032,-176.2888,-173.8106
15.5691,3.9907,-7.9987,-177.5812,-175.5692
15.6082,3.9107,-7.9984,-178.8993,-177.3242
15.6466,3.8313,-7.9394,179.7578,-179.0604
15.6844,3.7881,-4.3273,178.4318,179.5343
15.7222,3.7786,-0.9447,176.7946,178.1198
15.7599,3.7715,-0.7118,175.1516,176.696
15.7976,3.7667,-0.4834,173.5036,175.261
15.8353,3.764,-0.2611,171.8526,173.8167
15.8729,3.7636,-0.0445,170.2011,172.3622
15.9105,3.7653,0.1653,168.5499,170.8965
15.9482,3.7689,0.3678,166.9008,169.4206
15.986,3.7745,0.5617,165.255,167.9326
16.0238,3.782,0.7473,163.6142,166.4343
16.0617,3.7912,0.9218,161.9795,164.9231
16.0997,3.8021,1.0869,160.3518,163.4007
16.1379,3.8145,1.2392,158.7328,161.8662
16.1762,3.8283,1.3788,157.1234,160.3196
16.2146,3.8433,1.5039,155.524,158.76
16.2532,3.8595,1.6145,153.9356,157.1883
16.2919,3.8765,1.7069,152.3584,155.6026
16.3309,3.8944,1.7829,150.7926,154.004
16.37,3.9128,1.8388,149.239,152.3923
16.4093,3.9315,1.8737,147.6978,150.7676
16.4488,3.9503,1.8856,146.1688,149.1289
16.4885,3.9691,1.874,144.6512,147.4763
16.5284,3.9874,1.8367,143.145,145.8097
16.5685,4.0052,1.7723,141.6496,144.1292
16.6087,4.022,1.6798,140.1647,142.4357
16.6491,4.0375,1.5561,138.6893,140.7273
16.6896,4.0516,1.4031,137.2225,139.0068
16.7302,4.0637,1.2157,135.7633,137.2714
16.7709,4.0737,0.9973,134.3102,135.5239
16.8117,4.0811,0.7442,132.8624,133.7634
16.8526,4.0857,0.4579,131.4177,131.9899
16.8935,4.0871,0.1386,129.9747,130.2053
16.9343,4.085,-0.2131,128.5319,128.4094
16.9751,4.079,-0.5954,127.0866,126.6015
17.0158,4.0689,-1.0069,125.6365,124.7843
17.0563,4.0545,-1.4436,124.1799,122.9578
17.0967,4.0355,-1.9027,122.7138,121.1229
17.1368,4.0117,-2.379,121.2351,119.2796
17.1766,3.983,-2.8698,119.7408,117.4308
17.2161,3.9494,-3.3646,118.2277,115.5754
17.2553,3.9107,-3.8623,116.6916,113.7154
17.2939,3.8672,-4.3539,115.129,111.8526
17.3321,3.8189,-4.8283,113.5352,109.9861
17.3698,3.766,-5.2865,111.9052,108.1187
17.4069,3.7089,-5.7124,110.2342,106.2503
17.4433,3.6479,-6.1039,108.5159,104.382
17.4792,3.5834,-6.4513,106.7438,102.5136
17.5143,3.5158,-6.7547,104.9115,100.648
17.5488,3.4459,-6.9953,103.0114,98.7834
17.5825,3.374,-7.1836,101.0347,96.9215
17.6155,3.301,-7.3037,98.9724,95.0615
17.6478,3.2274,-7.3616,96.8144,93.2043
17.6793,3.1539,-7.3481,94.5501,91.3489
17.7102,3.0812,-7.2661,92.1668,89.4945
17.7403,3.0153,-6.5895,89.8259,87.9188
17.7708,3.0441,2.8752,89.1188,87.4921
17.802,3.1241,8.008,88.4654,87.0564
17.8341,3.2041,7.9918,87.8045,86.6101
17.8669,3.2842,8.0062,87.1363,86.1548
17.9005,3.3641,8.0003,86.4619,85.69
17.935,3.4441,7.995,85.7808,85.2151
17.9702,3.5241,8.0038,85.0936,84.7313
18.0063,3.6041,7.9985,84.4009,84.2379
18.0431,3.6841,8.0025,83.7028,83.7356
18.0807,3.7641,7.9975,82.9995,83.2238
18.1192,3.8441,8.0014,82.291,82.703
18.1584,3.9241,7.9967,81.5776,82.1726
18.1985,4.0041,8.0048,80.8595,81.6339
18.2393,4.0841,7.9961,80.1369,81.0857
18.2809,4.1641,8.0039,79.4098,80.529
18.3234,4.2441,7.9956,78.6781,79.9629
18.3666,4.3241,8.0033,77.9418,79.3883
18.4106,4.4041,7.9992,77.2012,78.8048
18.4555,4.4805,7.6326,76.4559,78.2123
18.5005,4.5,1.9551,75.7112,77.6198
18.5455,4.5,-0.0001,74.9732,77.0285
18.5905,4.5,-0.0001,74.2425,76.4388
18.6355,4.5,-0.0001,73.5189,75.8508
18.6805,4.5,-0.0001,72.8018,75.2639
18.7255,4.5,-0.0001,72.0902,74.6782
18.7705,4.5,-0.0001,71.3842,74.0941
18.8157,4.5281,2.807,70.6813,73.5078
18.8618,4.607,7.8918,69.9745,72.9119
18.9087,4.687,7.9983,69.2591,72.3066
18.9564,4.767,8.0022,68.5352,71.6922
19.0048,4.847,7.9987,67.8024,71.0684
19.0541,4.927,8.0026,67.0605,70.4356
19.104,4.9932,6.6185,66.3101,69.795
19.1541,5,0.6803,65.5556,69.1538
19.204,5,-0.0001,64.8019,68.5137
19.254,5,-0.0001,64.0491,67.8742
19.304,5,-0.0001,63.2966,67.2352
19.354,5,-0.0001,62.5435,66.5962
19.404,5,-0.0001,61.7893,65.9578
19.454,5,-0.0001,61.0337,65.3194
19.504,5,-0.0001,60.2761,64.6816
19.554,5,-0.0001,59.5159,64.0432
19.604,5,-0.0001,58.7521,63.4048
19.654,5,-0.0001,57.9848,62.7664
19.704,5,-0.0001,57.2133,62.128
19.754,5,-0.0001,56.4371,61.489
19.8041,5,-0.0001,55.6553,60.8495
19.854,5,-0.0001,54.8677,60.21
19.9041,5,-0.0001,54.0735,59.5694
19.954,5,0,53.2724,58.9287
20.004,5,0,52.4638,58.287
20.054,5,0,51.6469,57.6446
20.104,5,0,50.8212,57.0012
20.154,5,0,49.9863,56.3572
20.204,5,0,49.1412,55.7115
20.2541,5,0,48.2856,55.0653
20.3041,5,0,47.4192,54.4179
20.3541,5,0,46.5412,53.7694
20.404,5,0,45.6511,53.1198
20.454,5,0,44.7484,52.4691
20.504,5,0,43.8322,51.8167
20.554,5,0,42.9019,51.1632
20.604,5,0,41.9575,50.5086
20.654,4.9995,-0.0483,40.9981,49.8522
20.7035,4.9512,-4.8304,40.0277,49.201
20.7522,4.8712,-8.0022,39.0546,48.5592
20.8002,4.7912,-7.9948,38.0814,47.9258
20.8473,4.7112,-8.005,37.1087,47.3026
20.8936,4.6312,-7.9974,36.1374,46.6882
20.9391,4.5512,-8.0005,35.1673,46.0834
20.9841,4.5008,-5.0428,34.196,45.4842
21.0291,4.5,-0.0785,33.215,44.8839
21.0741,4.5,0,32.2192,44.283
21.1191,4.5,0,31.2078,43.6805
21.1641,4.5,0,30.1807,43.0774
21.2091,4.5,0,29.138,42.4731
21.2541,4.5,0,28.0793,41.8678
21.2991,4.5,0.0001,27.0047,41.2618
21.3441,4.5,0.0001,25.9148,40.6554
21.3891,4.5,0.0001,24.8095,40.0483
21.4341,4.5,0.0001,23.6884,39.4402
21.4791,4.5,0.0001,22.5519,38.832
21.5241,4.5,0.0001,21.4013,38.2238
21.5691,4.5,0.0001,20.2362,37.6151
21.6141,4.5,0.0001,19.0568,37.0064
21.6591,4.5,0.0001,17.864,36.3977
21.7041,4.5,0.0001,16.6581,35.789
21.7491,4.5,0.0001,15.4401,35.1808
21.7941,4.5,0.0001,14.211,34.5732
21.8391,4.4999,-0.0073,12.972,33.9667
21.884,4.4924,-0.7558,11.7247,33.3619
21.9289,4.4811,-1.1308,10.4712,32.7594
21.9736,4.4715,-0.9543,9.2132,32.1596
22.0184,4.4839,1.2369,7.9459,31.1035
22.0634,4.4999,1.6054,7.433,29.8622
22.1084,4.4999,0,7.0214,28.6036
22.1534,4.4999,0,6.5919,27.3264
22.1984,4.4999,0,6.1436,26.0306
22.2434,4.4999,0,5.6751,24.715
22.2884,4.4999,0,5.1848,23.3783
22.3334,4.4999,0,4.6717,22.0217
22.3784,4.4999,0,4.1338,20.6416
22.4234,4.4999,0,3.5693,19.2392
22.4684,4.4999,0,2.9767,17.8132
22.5134,4.4999,0,2.3536,16.3624
22.5584,4.4999,0,1.6978,14.8855
22.6034,4.4999,0,1.0065,13.3814
22.6484,4.4999,0,0.2771,11.8488
22.6934,4.4999,0,-0.4933,10.2876
22.7384,4.4999,0,-1.308,8.6954
22.7834,4.4999,0,-2.1705,7.0723
22.8284,4.4999,0,-3.0851,5.4144
22.8734,4.4999,0,-4.056,3.723
22.9184,4.4999,0,-5.0878,1.9945
22.9633,4.4876,-1.238,-6.1842,0.2337
23.0074,4.4154,-7.2124,-7.3405,-1.537
23.0508,4.3354,-7.9999,-8.551,-3.314
23.0933,4.2554,-7.9983,-9.8166,-5.0971
23.1351,4.1755,-8.0019,-11.1386,-6.8839
23.176,4.0955,-7.9969,-12.5184,-8.6757
23.2162,4.0155,-8.0026,-13.9567,-10.4688
23.2555,3.9355,-7.9968,-15.4537,-12.2643
23.2941,3.8555,-8.0017,-17.0096,-14.0586
23.3319,3.7764,-7.9069,-18.623,-15.8516
23.3689,3.7018,-7.4549,-20.2941,-17.6434
23.4052,3.6327,-6.9176,-22.0225,-19.434
23.4409,3.5689,-6.3819,-23.808,-21.2245
23.476,3.5104,-5.85,-25.6504,-23.0163
23.5106,3.4571,-5.3231,-27.5486,-24.8094
23.5446,3.4091,-4.7988,-29.5002,-26.6036
23.5783,3.3664,-4.2752,-31.5029,-28.4004
23.6116,3.3288,-3.7551,-33.5536,-30.1996
23.6446,3.2965,-3.2364,-35.6479,-32.0014
23.6773,3.2693,-2.719,-37.7808,-33.8056
23.7097,3.2473,-2.2018,-39.9473,-35.6135
23.742,3.2304,-1.6867,-42.1411,-37.4239
23.7742,3.2187,-1.1707,-44.3554,-39.238
23.8063,3.2121,-0.6557,-46.5831,-41.0546
23.8385,3.2107,-0.1399,-48.8166,-42.8749
23.8706,3.2145,0.3762,-51.0485,-44.6977
23.9028,3.2234,0.893,-53.2711,-46.5242
23.9352,3.2375,1.4116,-55.4771,-48.3532
23.9678,3.2569,1.9313,-57.6586,-50.1847
24.0006,3.2814,2.4514,-59.8106,-52.0212
24.0337,3.3111,2.9781,-61.9261,-53.8588
24.0672,3.3462,3.5018,-63.9996,-55.7015
24.101,3.3865,4.0332,-66.0277,-57.5478
24.1354,3.4322,4.5659,-68.0062,-59.3992
24.1702,3.4832,5.1063,-69.9315,-61.2542
24.2056,3.5397,5.6466,-71.8013,-63.1154
24.2416,3.6016,6.1962,-73.6147,-64.9829
24.2783,3.6692,6.7505,-75.3706,-66.8578
24.3157,3.7423,7.3143,-77.0681,-68.7401
24.3539,3.8207,7.8343,-78.7072,-70.6311
24.3929,3.9007,8.0017,-80.287,-72.5283
24.4324,3.9499,4.9176,-81.8013,-74.418
24.4712,3.8814,-6.8492,-83.2245,-76.2421
24.5093,3.8014,-7.9987,-84.5402,-77.9992
24.5465,3.7214,-8.0016,-85.756,-79.6905
24.5829,3.6414,-7.9986,-86.8806,-81.3199
24.6185,3.5614,-8.0013,-87.9221,-82.8885
24.6533,3.4814,-8.0009,-88.8875,-84.3988
24.6873,3.4014,-7.9965,-89.784,-85.8546
24.7205,3.3214,-8.0057,-90.617,-87.2545
24.7529,3.2414,-7.9971,-91.3918,-88.6036
24.7846,3.1614,-7.9985,-92.1139,-89.9032
24.8154,3.0814,-8.0039,-92.7871,-91.1531
24.8454,3.0021,-7.9232,-93.5076,-92.3015
24.8749,2.9441,-5.7996,-95.6876,-93.3095
24.9038,2.8984,-4.5703,-98.4716,-94.3265
24.9324,2.8595,-3.8927,-101.3618,-95.3525
24.9607,2.8274,-3.2114,-104.3494,-96.3884
24.9887,2.8021,-2.5296,-107.4227,-97.4342
25.0166,2.7836,-1.8475,-110.5633,-98.4881
25.0443,2.772,-1.1612,-113.7516,-99.551
25.0719,2.7672,-0.475,-116.9677,-100.622
25.0996,2.7694,0.2126,-120.1876,-101.7002
25.1274,2.7784,0.9009,-123.3889,-102.7856
25.1554,2.7943,1.5895,-126.5508,-103.8782
25.1835,2.8171,2.2803,-129.6517,-104.9762
25.212,2.8468,2.9701,-132.6724,-106.0796
25.2408,2.8833,3.659,-135.5999,-107.1893
25.2701,2.9269,4.3505,-138.4241,-108.3053
25.2999,2.9773,5.0441,-141.1362,-109.4276
25.3302,3.0347,5.7383,-143.7312,-110.5571
25.3612,3.0991,6.4407,-146.2056,-111.6929
25.3929,3.1704,7.1348,-148.5605,-112.8386
25.4254,3.2484,7.7906,-150.7984,-113.9933
25.4587,3.3283,8.0013,-152.9185,-115.1561
25.4928,3.4083,7.9988,-154.9227,-116.327
25.5277,3.4883,7.999,-156.8137,-117.5051
25.5633,3.5684,8,-158.5946,-118.6895
25.5998,3.6484,8.0016,-160.2691,-119.8793
25.6371,3.7283,8.0007,-161.8422,-121.0745
25.6752,3.8083,7.9974,-163.32,-122.276
25.7141,3.8883,8.0005,-164.7079,-123.4829
25.7537,3.9683,8.001,-166.0107,-124.6952
25.7942,4.0483,7.9988,-167.234,-125.9138
25.8355,4.1284,7.9999,-168.383,-127.1387
25.8776,4.2083,8.0012,-169.4622,-128.3699
25.9205,4.2883,7.9998,-170.476,-129.6083
25.9642,4.3683,7.9986,-171.429,-130.8548
26.0086,4.4483,8.0005,-172.3249,-132.1094
26.0539,4.5283,7.9997,-173.167,-133.373
26.1,4.6083,7.9991,-173.9589,-134.6465
26.1469,4.6883,8.0015,-174.7031,-135.9299
26.1946,4.7683,7.9985,-175.4024,-137.225
26.2431,4.8483,7.9985,-176.0595,-138.5327
26.2923,4.9283,8.0015,-176.676,-139.853
26.3423,4.9937,6.5412,-177.2531,-141.1841
26.3923,5,0.6285,-177.7887,-142.5107
26.4423,5,-0.0004,-178.2823,-143.8337
26.4923,5,-0.0004,-178.7362,-145.1531
26.5423,5,-0.0004,-179.1527,-146.4707
26.5923,5,-0.0004,-179.5341,-147.7883
26.6423,5,-0.0004,-179.8818,-149.1068
26.6923,5,-0.0004,179.8026,-150.428
26.7423,4.9982,-0.1808,179.5183,-151.7537
26.7917,4.943,-5.5199,179.2658,-153.0695
26.8403,4.863,-8.0028,179.0462,-154.37
26.8882,4.783,-7.9953,178.8584,-155.6588
26.9352,4.703,-8.0044,178.7013,-156.9341
26.9814,4.623,-7.9994,178.5743,-158.1986
27.0269,4.543,-7.997,178.4765,-159.4541
27.0718,4.5,-4.2989,178.4077,-160.7096
27.1168,4.5,-0.006,178.368,-161.9804
27.1619,4.5,-0.0004,178.3589,-163.2692
27.2069,4.5,-0.0004,178.383,-164.5769
27.2519,4.4999,-0.0005,178.4435,-165.9062
27.2968,4.4999,-0.0005,178.5444,-167.2598
27.3419,4.4999,-0.0005,178.691,-168.6431
27.3868,4.4999,-0.0006,178.8901,-170.057
27.4318,4.4999,-0.0006,179.1501,-171.5087
27.4768,4.4999,-0.0007,179.4829,-173.0027
27.5218,4.4964,-0.3478,179.9033,-174.5444
27.5662,4.4363,-6.0098,-179.5718,-176.1221
27.6097,4.3563,-8.0008,-178.9226,-177.7358
27.6525,4.2763,-8.0002,-178.119,-179.3945
27.6945,4.1963,-8.0012,-177.1166,178.891
27.7358,4.1363,-6.0015,-175.7376,178.0179
27.7778,4.196,5.9669,-175.0063,178.0521
27.8205,4.276,7.9992,-174.7315,178.0842
27.8641,4.356,7.9983,-174.5164,178.1146
27.9085,4.436,7.9993,-174.3429,178.1438
27.9534,4.4965,6.0534,-174.2001,178.1717
27.9984,4.5002,0.3651,-174.0815,178.1983
28.0434,4.5001,-0.0009,-173.982,178.2237
28.0884,4.5001,-0.0008,-173.8975,178.2481
28.1334,4.5001,-0.0007,-173.8249,178.2717
28.1784,4.5001,-0.0006,-173.7621,178.2944
28.2234,4.5001,-0.0006,-173.7073,178.3165
28.2684,4.5001,-0.0005,-173.6592,178.3379
28.3134,4.5001,-0.0005,-173.6167,178.3587
28.3585,4.5001,-0.0004,-173.5791,178.379
28.4034,4.5001,-0.0004,-173.5457,178.3989
28.4484,4.5001,-0.0004,-173.516,178.4182
28.4935,4.5001,-0.0003,-173.4894,178.4372
28.5384,4.5001,-0.0003,-173.4657,178.4558
28.5834,4.5001,-0.0003,-173.4445,178.474
28.6284,4.5001,-0.0003,-173.4255,178.4919
28.6736,4.5119,1.1787,-173.4084,178.5096
28.7194,4.5835,7.1638,-173.3931,178.5272
28.7661,4.6635,8.0031,-173.3792,178.5448
28.8135,4.7435,7.9991,-173.3667,178.5625
28.8617,4.8235,7.9997,-173.3554,178.5801
28.9107,4.9035,8.0002,-173.3454,178.5978
28.9605,4.9801,7.6553,-173.3365,178.6155
29.0106,5.0001,2.0008,-173.3288,178.633
29.0605,5.0001,-0.0002,-173.3223,178.6503
29.1105,5.0001,-0.0002,-173.3168,178.6673
29.1606,5.0001,-0.0002,-173.3123,178.6842
29.2105,5.0001,-0.0002,-173.3086,178.7008
29.2605,5.0001,-0.0002,-173.3059,178.7172
29.3106,5.0001,-0.0002,-173.3039,178.7334
29.3606,5.0001,-0.0002,-173.3026,178.7495
29.4106,5.0001,-0.0002,-173.302,178.7654
29.4605,5.0001,-0.0001,-173.3021,178.7811
29.5106,5.0001,-0.0001,-173.3027,178.7966
29.5605,5.0001,-0.0001,-173.304,178.812
29.6105,5.0001,-0.0001,-173.3057,178.8273
29.6605,5.0001,-0.0001,-173.308,178.8424
29.7106,5.0001,-0.0001,-173.3107,178.8574
29.7606,5.0001,-0.0001,-173.3139,178.8723
29.8106,5.0001,-0.0001,-173.3175,178.887
29.8606,5.0001,-0.0001,-173.3216,178.9016
29.9106,5.0001,-0.0001,-173.326,178.9161
29.9606,5.0001,-0.0001,-173.3308,178.9305
30.0106,5.0001,-0.0001,-173.3359,178.9448
30.0605,5.0001,-0.0001,-173.3414,178.9589
30.1106,5.0001,-0.0001,-173.3472,178.973
30.1606,5,-0.0001,-173.3534,178.987
30.2106,5,-0.0001,-173.3598,179.0009
30.2606,5,-0.0001,-173.3666,179.0146
30.3106,5,-0.0001,-173.3736,179.0283
30.3606,5,-0.0001,-173.3809,179.042
30.4106,5,-0.0001,-173.3885,179.0555
30.4606,5,-0.0001,-173.3963,179.0689
30.5106,5,-0.0001,-173.4043,179.0823
30.5606,5,-0.0001,-173.4127,179.0956
30.6106,5,-0.0001,-173.4212,179.1088
30.6606,5,-0.0001,-173.43,179.122
30.7106,5,-0.0001,-173.439,179.1351
30.7606,5,-0.0001,-173.4482,179.1481
30.8106,5,-0.0001,-173.4577,179.161
30.8605,5,-0.0001,-173.4673,179.1739
30.9106,5,-0.0001,-173.4772,179.1868
30.9606,5,-0.0001,-173.4872,179.1995
31.0106,5,-0.0001,-173.4975,179.2122
31.0606,5,-0.0001,-173.5079,179.2249
31.1105,5,-0.0001,-173.5185,179.2375
31.1606,5,-0.0001,-173.5294,179.25
31.2106,5,-0.0001,-173.5404,179.2625
31.2606,5,-0.0001,-173.5516,179.2749
31.3106,5,-0.0001,-173.563,179.2873
31.3606,5,-0.0001,-173.5745,179.2997
31.4106,5,-0.0001,-173.5863,179.312
31.4606,5,-0.0001,-173.5982,179.3242
31.5106,5,-0.0001,-173.6102,179.3364
31.5606,5,-0.0001,-173.6225,179.3486
31.6106,5,-0.0001,-173.6349,179.3607
31.6606,5,-0.0001,-173.6475,179.3727
31.7106,5,-0.0001,-173.6603,179.3848
31.7606,5,-0.0001,-173.6732,179.3968
31.8106,5,-0.0001,-173.6863,179.4087
31.8606,5,-0.0001,-173.6995,179.4207
31.9106,5,-0.0001,-173.713,179.4325
31.9606,5,-0.0001,-173.7265,179.4444
32.0106,5,-0.0001,-173.7403,179.4562
32.0606,5,0,-173.7542,179.468
32.1106,5,0,-173.7683,179.4797
32.1606,5,0,-173.7825,179.4914
32.2106,5,0,-173.7969,179.5031
32.2606,5,0,-173.8115,179.5148
32.3106,5,0,-173.8262,179.5264
32.3606,5,0,-173.8411,179.538
32.4106,5,0,-173.8561,179.5496
32.4606,5,0,-173.8713,179.5611
32.5106,5,0,-173.8867,179.5726
32.5606,5,0,-173.9022,179.5841
32.6106,5,0,-173.9179,179.5956
32.6606,5,0,-173.9338,179.607
32.7106,5,0,-173.9498,179.6184
32.7606,5,0,-173.966,179.6298
32.8106,5,0,-173.9824,179.6412
32.8606,5,0,-173.999,179.6526
32.9106,5,0,-174.0157,179.6639
32.9606,5,0,-174.0325,179.6752
33.0106,5,0,-174.0496,179.6865
33.0606,5,0,-174.0668,179.6978
33.1106,5,0,-174.0842,179.709
33.1606,5,0,-174.1017,179.7203
33.2106,5,0,-174.1195,179.7315
33.2606,5,0,-174.1374,179.7427
33.3106,5,0,-174.1555,179.7539
33.3606,5,0,-174.1738,179.765
33.4106,5,0,-174.1922,179.7762
33.4606,5,0,-174.2109,179.7873
33.5106,5,0,-174.2297,179.7985
33.5606,5,0,-174.2487,179.8096
33.6106,5,0,-174.2679,179.8207
33.6606,5,0,-174.2873,179.8318
33.7106,5,0,-174.3069,179.8428
33.7606,5,0,-174.3267,179.8539
33.8106,5,0,-174.3466,179.865
33.8606,5,0,-174.3668,179.876
33.9106,5,0,-174.3872,179.887
33.9606,5,0,-174.4078,179.8981
34.0106,5,0,-174.4286,179.9091
34.0606,5,0,-174.4495,179.9201
34.1106,5,0,-174.4707,179.9311
34.1606,5,0,-174.4922,179.9421
34.2106,5,0,-174.5138,179.9531
34.2606,5,0,-174.5356,179.964
34.3106,5,0,-174.5577,179.975
34.3606,5,0,-174.5799,179.986
34.4106,5,0,-174.6025,179.9969