0,0,0,-8.2071,0
0.0002,0.0157,1.5,-8.2062,0
0.0006,0.0386,2.3032,-8.2037,0
0.0012,0.0631,2.5476,-8.1992,0
0.0021,0.0876,2.443,-8.1924,0
0.0032,0.1127,2.5037,-8.1832,0
0.0046,0.1377,2.5012,-8.1718,0
0.0062,0.1627,2.5,-8.1581,0
0.0081,0.1878,2.4993,-8.1422,0
0.0102,0.2126,2.5143,-8.1242,0
0.0126,0.2376,2.4816,-8.104,0
0.0152,0.2626,2.511,-8.0816,0
0.0181,0.2876,2.4959,-8.0571,0
0.0212,0.3126,2.4961,-8.0305,0
0.0246,0.3376,2.5062,-8.0019,0
0.0282,0.3626,2.4948,-7.9712,0
0.0321,0.3876,2.5039,-7.9386,0
0.0362,0.4126,2.5025,-7.9041,0
0.0406,0.4376,2.4935,-7.8677,0
0.0452,0.4626,2.5012,-7.8294,0
0.0501,0.4876,2.5076,-7.7893,0
0.0552,0.5125,2.4921,-7.7475,0
0.0606,0.5376,2.499,-7.7038,0
0.0662,0.5626,2.5048,-7.6585,0
0.0721,0.5876,2.4975,-7.6116,0
0.0782,0.6126,2.5031,-7.5631,0
0.0846,0.6376,2.4965,-7.5131,0
0.0912,0.6626,2.5017,-7.4614,0
0.0981,0.6876,2.501,-7.4084,0
0.1052,0.7126,2.5003,-7.3539,0
0.1126,0.7376,2.4998,-7.298,0
0.1202,0.7625,2.4993,-7.2407,0
0.1281,0.7875,2.4988,-7.182,0
0.1362,0.8126,2.4984,-7.122,0
0.1446,0.8376,2.5026,-7.0606,0
0.1532,0.8626,2.502,-6.9982,0
0.1621,0.8876,2.4971,-6.9344,0
0.1712,0.9126,2.5011,-6.8695,0
0.1806,0.9376,2.5006,-6.8033,0
0.1902,0.9625,2.5002,-6.7361,0
0.2001,0.9875,2.4998,-6.6677,0
0.2102,1.0125,2.4994,-6.5981,0
0.2206,1.0375,2.4991,-6.5275,0
0.2312,1.0626,2.4988,-6.4556,0
0.2421,1.0876,2.5023,-6.3827,0
0.2532,1.1125,2.5019,-6.3089,0
0.2646,1.1375,2.4979,-6.234,0
0.2762,1.1625,2.4977,-6.1578,0
0.2881,1.1876,2.5011,-6.0806,0
0.3002,1.2126,2.5042,-6.0026,0
0.3126,1.2375,2.497,-5.9235,0
0.3252,1.2626,2.4969,-5.8431,0
0.3381,1.2876,2.5034,-5.7618,0
0.3512,1.3126,2.4998,-5.6794,0
0.3646,1.3376,2.4996,-5.596,0
0.3782,1.3625,2.5027,-5.5117,0
0.3921,1.3875,2.4961,-5.4261,0
0.4062,1.4125,2.5023,-5.3395,0
0.4206,1.4375,2.499,-5.2518,0
0.4352,1.4625,2.4989,-5.1629,0
0.4501,1.4876,2.5018,-5.073,0
0.4652,1.5126,2.4986,-4.9818,0
0.4806,1.5376,2.5015,-4.8896,0
0.4962,1.5626,2.4984,-4.7962,0
0.5121,1.5876,2.5012,-4.7015,0
0.5282,1.6126,2.5011,-4.6057,0
0.5446,1.6375,2.4982,-4.5087,0
0.5612,1.6625,2.5009,-4.4103,0
0.5781,1.6876,2.4981,-4.3107,0
0.5952,1.7125,2.5036,-4.2097,0
0.6126,1.7375,2.4979,-4.1075,0
0.6302,1.7625,2.4979,-4.0037,0
0.6481,1.7875,2.5033,-3.8986,0
0.6662,1.8125,2.4979,-3.792,0
0.6846,1.8375,2.5005,-3.6839,0
0.7032,1.8625,2.5005,-3.5743,0
0.7221,1.8875,2.5005,-3.4632,0
0.7412,1.9125,2.4979,-3.3503,0
0.7606,1.9375,2.5005,-3.2358,0
0.7802,1.9626,2.5005,-3.1196,0
0.8001,1.9876,2.5004,-3.0016,0
0.8202,2.0125,2.5004,-2.8819,0
0.8406,2.0375,2.498,-2.7603,0
0.8612,2.0625,2.5029,-2.6368,0
0.8821,2.0875,2.4981,-2.5114,0
0.9032,2.1125,2.5005,-2.3838,0
0.9246,2.1375,2.4982,-2.2541,0
0.9462,2.1625,2.5006,-2.1222,0
0.9681,2.1876,2.5007,-1.9881,0
0.9902,2.2125,2.5007,-1.8517,0
1.0126,2.2375,2.4984,-1.7129,0
1.0352,2.2626,2.5008,-1.5716,0
1.0581,2.2875,2.5009,-1.4279,0
1.0812,2.3125,2.4987,-1.2814,0
1.1046,2.3375,2.501,-1.1323,0
1.1282,2.3625,2.4989,-0.9803,0
1.1521,2.3875,2.5012,-0.8254,0
1.1762,2.4125,2.4991,-0.6674,0
1.2006,2.4375,2.4992,-0.5062,0
1.2252,2.4625,2.5014,-0.3418,0
1.2501,2.4875,2.4994,-0.1741,0
1.2752,2.5125,2.4995,-0.0028,0
1.3006,2.5375,2.4997,0.1722,0
1.3262,2.5625,2.4998,0.351,0
1.3521,2.5875,2.502,0.5337,0
1.3782,2.6125,2.498,0.7204,0
1.4046,2.6375,2.5002,0.9114,0
1.4312,2.6625,2.5004,1.1069,0
1.4581,2.6875,2.5005,1.3069,0
1.4852,2.7125,2.4987,1.5117,0
1.5126,2.7375,2.5009,1.7216,0
1.5402,2.7625,2.4991,1.9367,0
1.5681,2.7875,2.5012,2.1572,0
1.5962,2.8125,2.4976,2.3835,0
1.6246,2.8375,2.5016,2.6158,0
1.6532,2.8625,2.4999,2.8542,0
1.6821,2.8875,2.5002,3.099,0
1.7112,2.9125,2.4985,3.3508,0
1.7406,2.9375,2.5025,3.6096,0
1.7702,2.9625,2.4972,3.8759,0
1.8001,2.9875,2.5011,4.1502,0
1.8302,3.0125,2.4996,4.4327,0
1.8606,3.0375,2.4999,4.7238,0
1.8912,3.0625,2.5002,5.0241,0
1.9221,3.0875,2.5005,5.3338,0
1.9532,3.1125,2.4991,5.6537,0
1.9846,3.1375,2.4995,5.9844,0
2.0162,3.1616,2.4049,6.3264,0
2.0477,3.1528,-0.8772,6.6781,0
2.079,3.1278,-2.4991,7.0373,0
2.11,3.1028,-2.4993,7.4038,0
2.1408,3.0778,-2.5011,7.7774,0
2.1714,3.0528,-2.4996,8.1583,0
2.2016,3.0278,-2.4998,8.5471,0
2.2316,3.0028,-2.5017,8.9437,0
2.2614,2.9778,-2.4984,9.3486,0
2.291,2.9528,-2.5003,9.7624,0
2.3202,2.9278,-2.5004,10.1849,0
2.3493,2.9028,-2.4988,10.6167,0
2.378,2.8778,-2.5024,11.0579,0
2.4066,2.8528,-2.4991,11.5087,0
2.4348,2.8278,-2.4992,11.9699,0
2.4629,2.8028,-2.5011,12.4417,0
2.4906,2.7778,-2.4994,12.9243,0
2.5182,2.7528,-2.4995,13.4185,0
2.5454,2.7278,-2.5014,13.9241,0
2.5725,2.7028,-2.4979,14.4419,0
2.5993,2.6778,-2.5016,14.9723,0
2.6258,2.6528,-2.4999,15.5153,0
2.6521,2.6278,-2.5017,16.0713,0
2.6781,2.6028,-2.4982,16.6409,0
2.7039,2.5778,-2.5,17.2252,0
2.7294,2.5528,-2.5001,17.8241,0
2.7547,2.5278,-2.5001,18.438,0
2.7797,2.5028,-2.5002,19.0674,0
2.8045,2.4778,-2.4983,19.7132,0
2.829,2.4528,-2.502,20.3755,0
2.8533,2.4278,-2.5002,21.0541,0
2.8773,2.4028,-2.4983,21.7505,0
2.9011,2.3778,-2.5001,22.4653,0
2.9246,2.3528,-2.5019,23.1979,0
2.9479,2.3278,-2.4982,23.9492,0
2.971,2.3028,-2.4999,24.7204,0
2.9937,2.2778,-2.5017,25.5107,0
3.0163,2.2528,-2.4979,26.3212,0
3.0385,2.2278,-2.5015,27.1524,0
3.0605,2.2028,-2.4995,28.0039,0
3.0823,2.1778,-2.4993,28.877,0
3.1038,2.1528,-2.501,29.7712,0
3.1251,2.1278,-2.4989,30.687,0
3.1462,2.1028,-2.5006,31.6245,0
3.1669,2.0778,-2.5003,32.5835,0
3.1875,2.053,-2.4832,33.5647,0
3.2077,2.0288,-2.4139,34.5675,0
3.2278,2.0056,-2.3225,35.5922,0
3.2477,1.9832,-2.2345,36.6403,0
3.2673,1.9618,-2.1478,37.711,0
3.2867,1.9412,-2.0592,38.8036,0
3.3059,1.9215,-1.9688,39.9186,0
3.3249,1.9027,-1.8797,41.0569,0
3.3438,1.8848,-1.7903,42.2183,0
3.3624,1.8678,-1.7006,43.4024,0
3.381,1.8517,-1.6107,44.609,0
3.3993,1.8365,-1.5205,45.8375,0
3.4175,1.8222,-1.4302,47.0874,0
3.4356,1.8088,-1.3396,48.3581,0
3.4536,1.7963,-1.2477,49.6498,0
3.4714,1.7847,-1.1576,50.9618,0
3.4892,1.7741,-1.0664,52.2919,0
3.5068,1.7643,-0.9741,53.6403,0
3.5244,1.7555,-0.8833,55.0058,0
3.5419,1.7476,-0.7914,56.3861,0
3.5593,1.7406,-0.6995,57.7796,0
3.5766,1.7345,-0.6069,59.1861,0
3.5939,1.7294,-0.5148,60.6053,0
3.6112,1.7251,-0.4232,62.0332,0
3.6284,1.7218,-0.3301,63.4681,0
3.6456,1.7194,-0.2379,64.9093,0
3.6627,1.718,-0.1453,66.354,0
3.6799,1.7175,-0.0526,67.8014,0
3.6971,1.7184,0.0956,69.2259,0
3.7145,1.7366,1.8164,70.1171,0
3.7321,1.7616,2.5008,70.8,0
3.75,1.7866,2.4994,71.5043,0
3.7681,1.8116,2.4999,72.231,0
3.7864,1.8366,2.5023,72.9797,0
3.8051,1.8616,2.4973,73.7519,0
3.8239,1.8866,2.5014,74.5485,0
3.843,1.9116,2.4985,75.3698,0
3.8624,1.9366,2.5024,76.2161,0
3.882,1.9616,2.4978,77.0882,0
3.9019,1.9866,2.5016,77.9871,0
3.922,2.0116,2.4989,78.9129,0
3.9424,2.0366,2.5009,79.8665,0
3.9629,2.0516,1.5015,80.8457,0
3.9833,2.0411,-1.0476,81.8429,0
4.0036,2.0298,-1.1306,82.8512,0
4.0238,2.019,-1.0829,83.8692,0
4.0439,2.0087,-1.0335,84.8972,0
4.0639,1.9988,-0.9861,85.9356,0
4.0837,1.9894,-0.9384,86.9833,0
4.1035,1.9805,-0.8909,88.0401,0
4.1233,1.9721,-0.8432,89.1062,0
4.1429,1.9641,-0.7967,90.1812,0
4.1625,1.9566,-0.7501,91.2642,0
4.182,1.9496,-0.7039,92.3546,0
4.2014,1.943,-0.6577,93.4528,0
4.2208,1.9369,-0.6123,94.5589,0
4.2401,1.9312,-0.568,95.6711,0
4.2593,1.926,-0.5226,96.7898,0
4.2786,1.9212,-0.4792,97.9149,0
4.2977,1.9168,-0.4359,99.0449,0
4.3169,1.9129,-0.393,100.1798,0
4.3359,1.9094,-0.3511,101.3191,0
4.355,1.9063,-0.3096,102.4624,0
4.374,1.9036,-0.2691,103.6098,0
4.3931,1.9013,-0.2294,104.7602,0
4.4121,1.8994,-0.1904,105.9131,0
4.431,1.8979,-0.1526,107.068,0
4.45,1.8967,-0.1155,108.2245,0
4.4689,1.8959,-0.0796,109.3821,0
4.4879,1.8955,-0.0446,110.541,0
4.5069,1.8953,-0.0109,111.7002,0
4.5258,1.8956,0.0216,112.8591,0
4.5448,1.8961,0.0529,114.0175,0
4.5637,1.8969,0.0828,115.175,0
4.5827,1.898,0.1114,116.3318,0
4.6017,1.8994,0.1385,117.4863,0
4.6207,1.9011,0.164,118.6389,0
4.6398,1.9029,0.188,119.7899,0
4.6588,1.905,0.2105,120.9384,0
4.6779,1.9074,0.2311,122.0836,0
4.697,1.9099,0.2499,123.2259,0
4.7161,1.9125,0.2669,124.3657,0
4.7353,1.9153,0.2824,125.5018,0
4.7545,1.9183,0.2952,126.6345,0
4.7737,1.9214,0.3069,127.7638,0
4.7929,1.9245,0.3158,128.8891,0
4.8122,1.9278,0.3232,130.0103,0
4.8315,1.931,0.3277,131.128,0
4.8508,1.9343,0.331,132.2423,0
4.8702,1.9377,0.3315,133.3521,0
4.8896,1.941,0.3299,134.458,0
4.9091,1.9442,0.326,135.5608,0
4.9285,1.9474,0.3203,136.66,0
4.948,1.9505,0.3119,137.7553,0
4.9676,1.9536,0.3013,138.8474,0
4.9871,1.9564,0.2888,139.936,0
5.0067,1.9592,0.2738,141.0214,0
5.0264,1.9617,0.2567,142.1043,0
5.046,1.9641,0.2377,143.1847,0
5.0657,1.9663,0.2165,144.2622,0
5.0853,1.9682,0.1932,145.3377,0
5.105,1.9699,0.1684,146.4112,0
5.1248,1.9713,0.1414,147.483,0
5.1445,1.9724,0.113,148.5534,0
5.1642,1.9733,0.0827,149.623,0
5.184,1.9738,0.0512,150.6923,0
5.2037,1.974,0.0183,151.7605,0
5.2234,1.9738,-0.0157,152.8288,0
5.2432,1.9733,-0.0508,153.8976,0
5.2629,1.9724,-0.0868,154.9669,0
5.2826,1.9712,-0.1234,156.0373,0
5.3023,1.9696,-0.1605,157.1093,0
5.322,1.9676,-0.198,158.1835,0
5.3416,1.9653,-0.2357,159.2598,0
5.3612,1.9625,-0.2731,160.3388,0
5.3808,1.9594,-0.3105,161.4211,0
5.4004,1.956,-0.3473,162.5068,0
5.4199,1.9521,-0.3835,163.5964,0
5.4394,1.9479,-0.4189,164.6906,0
5.4588,1.9434,-0.4533,165.7898,0
5.4782,1.9385,-0.4867,166.8942,0
5.4975,1.9333,-0.5182,168.0042,0
5.5168,1.9279,-0.5487,169.1206,0
5.536,1.9221,-0.5772,170.2432,0
5.5552,1.916,-0.6036,171.3733,0
5.5743,1.9098,-0.6289,172.5108,0
5.5933,1.9033,-0.6512,173.6556,0
5.6123,1.8965,-0.6715,174.8089,0
5.6312,1.8896,-0.6895,175.9712,0
5.65,1.8826,-0.7054,177.1424,0
5.6688,1.8754,-0.7183,178.3223,0
5.6875,1.8681,-0.7284,179.512,0
5.7061,1.8608,-0.7368,-179.2886,0
5.7246,1.8533,-0.7412,-178.0793,0
5.7431,1.8459,-0.7434,-176.8584,0
5.7615,1.8425,-0.3405,-175.6958,0.0026
5.7801,1.8608,1.8287,-175.1116,0.0088
5.799,1.8858,2.4999,-174.6415,0.0152
5.8181,1.9108,2.501,-174.1485,0.0218
5.8374,1.9358,2.4984,-173.6308,0.0286
5.857,1.9608,2.4997,-173.0864,0.0356
5.8769,1.9858,2.501,-172.5141,0.0427
5.897,2.0108,2.5005,-171.912,0.0501
5.9174,2.0358,2.4985,-171.2775,0.0577
5.938,2.0608,2.5015,-170.6085,0.0655
5.9588,2.0858,2.4981,-169.9024,0.0735
5.9799,2.1108,2.5012,-169.1562,0.0818
6.0013,2.1358,2.4996,-168.3676,0.0903
6.0227,2.1397,0.3893,-167.5372,0.0989
6.0438,2.1148,-2.4831,-166.6725,0.1077
6.0647,2.0898,-2.5008,-165.7784,0.1165
6.0854,2.0649,-2.4992,-164.8541,0.1253
6.1058,2.0399,-2.4991,-163.8982,0.1342
6.1259,2.0148,-2.5003,-162.9107,0.1432
6.1458,1.9898,-2.5,-161.8912,0.1522
6.1655,1.9649,-2.5011,-160.8399,0.1613
6.1849,1.9399,-2.498,-159.7556,0.1704
6.204,1.9149,-2.5017,-158.6386,0.1795
6.2229,1.8899,-2.4969,-157.4892,0.1887
6.2416,1.8655,-2.4418,-156.3067,0.1979
6.26,1.8423,-2.3166,-155.0917,0.2072
6.2782,1.8204,-2.1871,-153.8444,0.2165
6.2962,1.7999,-2.0579,-152.5652,0.2259
6.314,1.7806,-1.9268,-151.2531,0.2353
6.3316,1.7626,-1.7999,-149.9089,0.2447
6.3491,1.7459,-1.6693,-148.5334,0.2542
6.3664,1.7305,-1.5423,-147.1276,0.2638
6.3836,1.7163,-1.4111,-145.6921,0.2734
6.4006,1.7035,-1.2844,-144.2285,0.2831
6.4175,1.692,-1.1533,-142.7384,0.2928
6.4343,1.6817,-1.0251,-141.2233,0.3026
6.4511,1.6728,-0.8949,-139.686,0.3124
6.4677,1.6651,-0.7652,-138.1292,0.3223
6.4843,1.6588,-0.6338,-136.5548,0.3323
6.5008,1.6538,-0.5027,-134.965,0.3423
6.5173,1.65,-0.3708,-133.3644,0.3523
6.5338,1.6477,-0.2376,-131.7564,0.3625
6.5503,1.6466,-0.1036,-130.1437,0.3727
6.5667,1.647,0.0316,-128.5297,0.3829
6.5832,1.6486,0.1683,-126.9181,0.3932
6.5997,1.6517,0.3067,-125.3132,0.4036
6.6163,1.6562,0.4464,-123.7178,0.414
6.6329,1.6621,0.5891,-122.1355,0.4245
6.6496,1.6694,0.7334,-120.5702,0.435
6.6664,1.6782,0.8808,-119.0247,0.4456
6.6833,1.6885,1.0313,-117.5019,0.4563
6.7003,1.7004,1.185,-116.004,0.467
6.7174,1.7138,1.344,-114.5339,0.4778
6.7347,1.7289,1.5071,-113.0946,0.4887
6.7522,1.7456,1.6743,-111.6871,0.4996
6.7698,1.7641,1.8492,-110.3123,0.5106
6.7877,1.7844,2.0323,-108.9727,0.5217
6.8057,1.8066,2.2209,-107.6694,0.5329
6.824,1.8308,2.4128,-106.4029,0.5441
6.8426,1.8557,2.498,-105.1745,0.5555
6.8614,1.8808,2.4994,-103.9853,0.5669
6.8805,1.9058,2.5011,-102.8375,0.5784
6.8998,1.9308,2.4994,-101.732,0.59
6.9193,1.9558,2.5011,-100.6698,0.6016
6.9391,1.9807,2.4986,-99.6511,0.6134
6.9592,2.0057,2.5015,-98.6763,0.6252
6.9795,2.0307,2.499,-97.7457,0.637
7.0001,2.0557,2.4998,-96.8586,0.6489
7.0209,2.0807,2.5007,-96.0155,0.6609
7.0419,2.1057,2.4995,-95.2158,0.6729
7.0632,2.1307,2.5004,-94.459,0.685
7.0848,2.1557,2.4993,-93.7446,0.6971
7.1066,2.1808,2.5003,-93.0719,0.7093
7.1287,2.2058,2.5003,-92.4406,0.7215
7.1509,2.2308,2.5003,-91.85,0.7338
7.1735,2.2557,2.4993,-91.2993,0.7461
7.1963,2.2807,2.5004,-90.7878,0.7585
7.2194,2.3057,2.4995,-90.3151,0.771
7.2427,2.3308,2.4997,-89.8804,0.7835
7.2661,2.3381,0.7375,-89.4848,0.7959
7.2892,2.3138,-2.4359,-89.1309,0.8082
7.3121,2.2888,-2.5004,-88.8186,0.8203
7.3347,2.2638,-2.4999,-88.5455,0.8322
7.3571,2.2388,-2.4994,-88.3089,0.8439
7.3793,2.2138,-2.501,-88.1068,0.8554
7.4011,2.1888,-2.4994,-87.937,0.8667
7.4228,2.1638,-2.501,-87.7978,0.8779
7.4442,2.1388,-2.4992,-87.6874,0.8889
7.4653,2.1138,-2.4996,-87.6042,0.8997
7.4862,2.0888,-2.5012,-87.5468,0.9104
7.5068,2.0638,-2.4993,-87.5138,0.9209
7.5272,2.0388,-2.5008,-87.5039,0.9313
7.5474,2.0138,-2.4988,-87.516,0.9415
7.5672,1.9888,-2.5016,-87.5491,0.9515
7.5869,1.9638,-2.4994,-87.6019,0.9615
7.6063,1.9388,-2.4997,-87.6738,0.9712
7.6254,1.9138,-2.5,-87.7637,0.9809
7.6443,1.8888,-2.5002,-87.8707,0.9904
7.6629,1.8638,-2.5005,-87.9942,0.9997
7.6814,1.8419,-2.1842,-87.4832,0.9953
7.6995,1.8186,-2.3339,-86.2337,0.9905
7.7175,1.7983,-2.0292,-84.952,0.9857
7.7353,1.7791,-1.923,-83.6376,0.9809
7.7529,1.761,-1.8086,-82.2909,0.976
7.7704,1.744,-1.7016,-80.9122,0.9711
7.7876,1.7281,-1.5875,-79.5022,0.9662
7.8048,1.7133,-1.4782,-78.0602,0.9613
7.8218,1.6996,-1.3671,-76.5886,0.9563
7.8387,1.6871,-1.2559,-75.0886,0.9513
7.8554,1.6756,-1.1446,-73.5616,0.9464
7.8721,1.6653,-1.032,-72.0077,0.9413
7.8886,1.6561,-0.9224,-70.4302,0.9363
7.9051,1.648,-0.8089,-68.8311,0.9312
7.9215,1.641,-0.6978,-67.2111,0.9262
7.9378,1.6352,-0.5857,-65.5742,0.9211
7.9542,1.6304,-0.473,-63.9213,0.9159
7.9704,1.6268,-0.3615,-62.2568,0.9108
7.9867,1.6243,-0.2488,-60.5852,0.9056
8.0029,1.623,-0.1363,-58.9077,0.9005
8.0191,1.6227,-0.0238,-57.2275,0.8953
8.0354,1.6236,0.0888,-55.5476,0.89
8.0516,1.6256,0.2017,-53.8725,0.8848
8.0679,1.6288,0.314,-52.2038,0.8796
8.0842,1.633,0.4279,-50.5459,0.8743
8.1006,1.6384,0.54,-48.9031,0.869
8.1171,1.645,0.6529,-47.275,0.8637
8.1336,1.6526,0.7666,-45.6656,0.8584
8.1502,1.6614,0.8797,-44.0789,0.8531
8.1669,1.6714,0.992,-42.5153,0.8477
8.1838,1.6824,1.1063,-40.9768,0.8424
8.2007,1.6946,1.2197,-39.4665,0.837
8.2178,1.7079,1.332,-37.9846,0.8316
8.235,1.7224,1.4457,-36.5309,0.8262
8.2524,1.738,1.5625,-35.1093,0.8208
8.2699,1.7547,1.6722,-33.7192,0.8154
8.2877,1.7726,1.7899,-32.3602,0.81
8.3056,1.7917,1.9047,-31.0353,0.8045
8.3237,1.8118,2.0163,-29.7424,0.799
8.342,1.8332,2.1357,-28.4819,0.7936
8.3606,1.8557,2.2479,-27.2537,0.788
8.3794,1.8794,2.3667,-26.0571,0.7825
8.3984,1.9041,2.4738,-24.8939,0.7769
8.4177,1.9291,2.4959,-23.7619,0.7714
8.4373,1.9541,2.5023,-22.6609,0.7658
8.457,1.9791,2.4997,-21.5925,0.7601
8.4771,2.0041,2.4994,-20.5552,0.7545
8.4974,2.0291,2.5014,-19.5495,0.7488
8.5179,2.0541,2.4989,-18.5746,0.7432
8.5387,2.0791,2.5009,-17.6299,0.7375
8.5597,2.1041,2.5007,-16.7154,0.7318
8.581,2.1291,2.4984,-15.8295,0.7261
8.6026,2.1541,2.5005,-14.9716,0.7204
8.6243,2.1791,2.5004,-14.1415,0.7146
8.6464,2.2041,2.4981,-13.3378,0.7089
8.6687,2.2291,2.5024,-12.5603,0.7031
8.6913,2.2541,2.498,-11.8082,0.6974
8.714,2.2791,2.5024,-11.0808,0.6916
8.7371,2.3041,2.498,-10.3771,0.6858
8.7604,2.3291,2.5002,-9.6959,0.68
8.7839,2.3541,2.5002,-9.037,0.6742
8.8077,2.3791,2.5003,-8.3997,0.6684
8.8317,2.4041,2.5003,-7.7833,0.6626
8.856,2.4291,2.5004,-7.187,0.6567
8.8806,2.4541,2.4984,-6.6096,0.6509
8.9053,2.4791,2.5006,-6.0507,0.645
8.9304,2.5041,2.5007,-5.5101,0.6391
8.9557,2.5291,2.4986,-4.9866,0.6332
8.9812,2.5541,2.5009,-4.4799,0.6273
9.007,2.5791,2.4989,-3.9892,0.6214
9.033,2.6041,2.5011,-3.5143,0.6154
9.0593,2.6291,2.4991,-3.0545,0.6095
9.0859,2.6541,2.4993,-2.609,0.6035
9.1127,2.6791,2.5015,-2.1778,0.5975
9.1397,2.7041,2.4996,-1.7604,0.5915
9.167,2.7291,2.4997,-1.3562,0.5855
9.1945,2.7541,2.4999,-0.9647,0.5794
9.2223,2.7791,2.5,-0.5856,0.5733
9.2504,2.804,2.5002,-0.2186,0.5672
9.2787,2.8291,2.4983,0.1369,0.5611
9.3072,2.854,2.5026,0.481,0.555
9.336,2.879,2.4967,0.8141,0.5488
9.365,2.9041,2.503,1.1366,0.5426
9.3943,2.9291,2.4971,1.4486,0.5364
9.4239,2.9541,2.5013,1.7506,0.5302
9.4536,2.979,2.5015,2.0424,0.5239
9.4837,3.004,2.4977,2.3246,0.5176
9.514,3.029,2.5,2.5976,0.5113
9.5445,3.0541,2.5002,2.8613,0.5049
9.5753,3.079,2.5004,3.1159,0.4985
9.6063,3.104,2.5006,3.3614,0.4921
9.6377,3.129,2.497,3.5985,0.4857
9.6692,3.154,2.5031,3.8269,0.4792
9.701,3.179,2.4976,4.0468,0.4726
9.733,3.204,2.5017,4.2584,0.4661
9.7653,3.229,2.4982,4.4618,0.4594
9.7979,3.254,2.5004,4.657,0.4528
9.8306,3.279,2.5007,4.8441,0.4461
9.8637,3.304,2.4991,5.0231,0.4393
9.897,3.3274,2.3347,5.1941,0.4325
9.9301,3.3161,-1.1224,5.3561,0.4258
9.963,3.2911,-2.5,5.5083,0.4191
9.9957,3.2661,-2.5004,5.6508,0.4124
10.0281,3.2411,-2.5007,5.7836,0.4058
10.0603,3.2161,-2.4992,5.9074,0.3992
10.0922,3.1911,-2.5014,6.0222,0.3927
10.1238,3.1661,-2.4998,6.1284,0.3862
10.1552,3.1411,-2.5001,6.2262,0.3797
10.1864,3.1161,-2.4984,6.3158,0.3733
10.2173,3.0911,-2.5026,6.3974,0.3669
10.248,3.0661,-2.499,6.4711,0.3606
10.2784,3.0411,-2.4992,6.5372,0.3543
10.3086,3.0161,-2.5015,6.5956,0.348
10.3385,2.9911,-2.4997,6.6466,0.3418
10.3681,2.9661,-2.5,6.6902,0.3356
10.3975,2.9411,-2.5002,6.7265,0.3294
10.4267,2.9161,-2.5005,6.7555,0.3232
10.4556,2.8911,-2.4987,6.7773,0.3171
10.4843,2.8661,-2.501,6.7919,0.311
10.5127,2.8411,-2.5012,6.7994,0.3049
10.5408,2.8161,-2.4994,6.7996,0.2989
10.5687,2.7911,-2.4997,6.7926,0.2928
10.5964,2.7661,-2.4999,6.7784,0.2868
10.6238,2.7411,-2.5001,6.7569,0.2808
10.651,2.7161,-2.5004,6.7279,0.2749
10.6779,2.6911,-2.4985,6.6915,0.2689
10.7045,2.6661,-2.5029,6.6475,0.263
10.731,2.6411,-2.499,6.5958,0.2571
10.7571,2.6161,-2.4992,6.5362,0.2512
10.7831,2.5911,-2.4995,6.4684,0.2453
10.8087,2.5661,-2.5018,6.3925,0.2394
10.8341,2.5411,-2.5,6.3082,0.2335
10.8593,2.5161,-2.4981,6.215,0.2276
10.8842,2.4911,-2.5026,6.113,0.2218
10.9089,2.4661,-2.4986,6.0016,0.2159
10.9333,2.4411,-2.501,5.8807,0.2101
10.9574,2.4161,-2.4992,5.7498,0.2043
10.9813,2.3911,-2.4995,5.6084,0.1984
11.005,2.3661,-2.5019,5.4563,0.1926
11.0284,2.3411,-2.498,5.2928,0.1867
11.0516,2.3161,-2.5026,5.1175,0.1809
11.0745,2.2911,-2.4965,4.9297,0.1751
11.0971,2.2661,-2.5033,4.7287,0.1692
11.1195,2.2411,-2.4994,4.5141,0.1634
11.1417,2.2161,-2.4997,4.2847,0.1575
11.1636,2.1911,-2.5002,4.0399,0.1516
11.1853,2.1661,-2.4985,3.7783,0.1458
11.2067,2.1411,-2.501,3.4991,0.1399
11.2279,2.1161,-2.5015,3.2014,0.1339
11.2488,2.0911,-2.4999,2.8837,0.128
11.2694,2.0661,-2.4983,2.5442,0.1221
11.2898,2.0411,-2.501,2.1812,0.1161
11.31,2.0161,-2.4995,1.7931,0.1101
11.3299,1.9911,-2.5002,1.3776,0.104
11.3496,1.9661,-2.5009,0.9326,0.098
11.369,1.9411,-2.4996,0.4553,0.0918
11.3882,1.9161,-2.4984,-0.058,0.0857
11.407,1.8911,-2.5033,-0.6099,0.0795
11.4257,1.8661,-2.4982,-1.2044,0.0732
11.4441,1.8411,-2.4993,-1.8472,0.0669
11.4623,1.8161,-2.5004,-2.5431,0.0606
11.4802,1.7911,-2.4997,-3.2983,0.0541
11.4979,1.7661,-2.501,-4.1197,0.0476
11.5153,1.7411,-2.5005,-5.0154,0.041
11.5324,1.7161,-2.5002,-5.9957,0.0343
11.5493,1.6911,-2.4982,-7.0732,0.0276
11.566,1.6661,-2.502,-8.2614,0.0207
11.5824,1.6411,-2.4986,-9.5769,0.0136
11.5986,1.6161,-2.5008,-11.0405,0.0065
11.6145,1.5908,-2.5301,-12.6724,0
11.6304,1.5968,0.5962,-14.0718,0
11.6467,1.6218,2.4991,-15.248,0
11.6631,1.6468,2.5014,-16.44,0
11.6799,1.6718,2.4991,-17.6468,0
11.6968,1.6968,2.5002,-18.868,0
11.714,1.7218,2.5001,-20.1018,0
11.7315,1.7468,2.5,-21.3473,0
11.7492,1.7718,2.5,-22.6034,0
11.7672,1.7968,2.4999,-23.8689,0
11.7853,1.8143,1.7545,-25.1403,0
11.8035,1.8193,0.4964,-26.4091,0
11.8218,1.8244,0.5083,-27.6704,0
11.8401,1.8298,0.5406,-28.924,0
11.8584,1.8355,0.5693,-30.1688,0
11.8768,1.8414,0.5951,-31.4051,0
11.8953,1.8476,0.6177,-32.6326,0
11.9139,1.854,0.6367,-33.8515,0
11.9325,1.8605,0.6528,-35.0613,0
11.9511,1.8671,0.6641,-36.2618,0
11.9699,1.8738,0.6723,-37.4531,0
11.9887,1.8806,0.6751,-38.6356,0
12.0075,1.8873,0.675,-39.8095,0
12.0265,1.894,0.6691,-40.9745,0
12.0455,1.9006,0.659,-42.1312,0
12.0646,1.9071,0.6438,-43.2794,0
12.0837,1.9133,0.6234,-44.4197,0
12.1029,1.9193,0.5974,-45.5526,0
12.1221,1.9249,0.5663,-46.6789,0
12.1414,1.9302,0.5293,-47.7988,0
12.1608,1.9351,0.487,-48.9127,0
12.1802,1.9395,0.4383,-50.0211,0
12.1996,1.9433,0.3842,-51.1252,0
12.2191,1.9466,0.3242,-52.225,0
12.2386,1.9491,0.258,-53.3216,0
12.2581,1.951,0.1864,-54.4159,0
12.2776,1.9521,0.1089,-55.5082,0
12.2971,1.9524,0.026,-56.5997,0
12.3166,1.9517,-0.0621,-57.6917,0
12.3362,1.9502,-0.1552,-58.7849,0
12.3556,1.9477,-0.2529,-59.8801,0
12.3751,1.9441,-0.3546,-60.9786,0
12.3945,1.9395,-0.4602,-62.0819,0
12.4138,1.9338,-0.5687,-63.191,0
12.4331,1.927,-0.6797,-64.3075,0
12.4523,1.9191,-0.7927,-65.4325,0
12.4714,1.91,-0.9064,-66.5676,0
12.4904,1.8998,-1.0204,-67.7145,0
12.5092,1.8885,-1.1336,-68.8752,0
12.528,1.876,-1.2462,-70.0508,0
12.5466,1.8625,-1.3547,-71.2437,0
12.5651,1.8479,-1.4616,-72.4561,0
12.5834,1.8322,-1.5627,-73.6901,0
12.6016,1.8156,-1.6597,-74.9481,0
12.6196,1.7981,-1.75,-76.2325,0
12.6374,1.7798,-1.8334,-77.5462,0
12.655,1.7607,-1.9089,-78.8922,0
12.6724,1.741,-1.9766,-80.2734,0
12.6896,1.7206,-2.033,-81.6937,0
12.7066,1.6998,-2.0823,-83.1566,0
12.7234,1.6786,-2.1191,-84.6657,0
12.7399,1.6572,-2.1456,-86.2254,0
12.7563,1.6355,-2.161,-87.8402,0
12.7724,1.6139,-2.164,-89.5151,0
12.7884,1.5923,-2.1567,-91.2551,0
12.8041,1.571,-2.1354,-93.0658,0
12.8196,1.5499,-2.105,-94.9524,0
12.8349,1.5293,-2.0591,-96.921,0
12.85,1.5093,-2.0042,-98.9786,0
12.8649,1.4899,-1.937,-101.1301,0
12.8796,1.4714,-1.8576,-103.3816,0
12.8941,1.4537,-1.7678,-105.7393,0
12.9085,1.4379,-1.5808,-108.2069,0
12.9229,1.4446,0.6752,-110.3757,0
12.9376,1.4696,2.4996,-112.2875,0
12.9526,1.4946,2.5003,-114.237,0
12.9678,1.5196,2.4964,-116.2178,0
12.9831,1.5317,1.215,-118.216,0
12.9984,1.5345,0.2751,-120.2124,0
13.0138,1.5382,0.3775,-122.1949,0
13.0293,1.543,0.4774,-124.1597,0
13.0447,1.5488,0.5767,-126.1028,0
13.0603,1.5555,0.6722,-128.0212,0
13.0759,1.5632,0.7674,-129.9123,0
13.0916,1.5718,0.8583,-131.7728,0
13.1074,1.5812,0.9481,-133.6008,0
13.1234,1.5916,1.033,-135.3949,0
13.1394,1.6027,1.1163,-137.1546,0
13.1555,1.6147,1.1963,-138.8773,0
13.1718,1.6274,1.2713,-140.5623,0
13.1882,1.6408,1.3423,-142.211,0
13.2048,1.655,1.4113,-143.8225,0
13.2215,1.6697,1.4736,-145.3961,0
13.2383,1.685,1.5319,-146.9329,0
13.2553,1.7009,1.5853,-148.4335,0
13.2725,1.7172,1.6333,-149.8985,0
13.2898,1.7339,1.675,-151.3294,0
13.3074,1.7511,1.7125,-152.7271,0
13.325,1.7685,1.7422,-154.0925,0
13.3429,1.7862,1.7682,-155.4262,0
13.3609,1.804,1.7831,-156.7297,0
13.3792,1.822,1.7956,-158.005,0
13.3976,1.8399,1.7983,-159.2527,0
13.4161,1.8579,1.7954,-160.4739,0
13.4349,1.8757,1.7832,-161.6701,0
13.4538,1.8934,1.7643,-162.843,0
13.4729,1.9107,1.7374,-163.9939,0
13.4922,1.9278,1.7034,-165.1236,0
13.5117,1.9444,1.6597,-166.2335,0
13.5313,1.9605,1.6088,-167.3254,0
13.551,1.976,1.5506,-168.4,0
13.5709,1.9908,1.4837,-169.4583,0
13.591,2.0049,1.4082,-170.5021,0
13.6112,2.0182,1.3271,-171.5323,0
13.6315,2.0305,1.236,-172.5501,0
13.6519,2.0419,1.1397,-173.5575,0
13.6724,2.0523,1.0366,-174.5547,0
13.693,2.0616,0.9266,-175.5428,0
13.7137,2.0697,0.8106,-176.5235,0
13.7345,2.0766,0.6905,-177.4977,0
13.7553,2.0822,0.5647,-178.4663,0
13.7762,2.0866,0.4357,-179.4307,0
13.7971,2.0896,0.3031,179.6077,0
13.818,2.0913,0.1685,178.648,0
13.8389,2.0916,0.0319,177.6893,0
13.8598,2.0905,-0.1053,176.7301,0
13.8807,2.0881,-0.2426,175.7697,0
13.9015,2.0843,-0.3789,174.8064,0
13.9223,2.0792,-0.5138,173.8394,0
13.9431,2.0727,-0.646,172.8677,0
13.9637,2.065,-0.7749,171.8899,0
13.9843,2.056,-0.9001,170.9049,0
14.0047,2.0458,-1.0198,169.9114,0
14.0251,2.0344,-1.135,168.9079,0
14.0453,2.022,-1.2437,167.8934,0
14.0654,2.0085,-1.3466,166.8668,0
14.0853,1.9941,-1.4411,165.8267,0
14.1051,1.9788,-1.5295,164.7715,0
14.1247,1.9627,-1.6087,163.6997,0
14.1442,1.9459,-1.6822,162.6103,0
14.1635,1.9285,-1.7442,161.5017,0
14.1826,1.9105,-1.8011,160.3724,0
14.2015,1.892,-1.846,159.2206,0
14.2202,1.8731,-1.8859,158.0449,0
14.2388,1.854,-1.9146,156.8442,0
14.2571,1.8346,-1.9356,155.6162,0
14.2753,1.8152,-1.9483,154.3593,0
14.2932,1.7956,-1.9536,153.0724,0
14.311,1.7761,-1.9481,151.7534,0
14.3285,1.7568,-1.9384,150.4006,0
14.3459,1.7376,-1.9173,149.0124,0
14.3631,1.7187,-1.8916,147.5865,0
14.3801,1.7001,-1.8578,146.1221,0
14.3969,1.6819,-1.8162,144.6171,0
14.4136,1.6642,-1.7689,143.0692,0
14.43,1.6471,-1.7161,141.4779,0
14.4463,1.6305,-1.6564,139.843,0
14.4625,1.6146,-1.5894,138.162,0
14.4785,1.5994,-1.5201,136.4339,0
14.4943,1.585,-1.4434,134.6594,0
14.5101,1.5714,-1.3618,132.8363,0
14.5256,1.5586,-1.2777,130.9658,0
14.5411,1.5467,-1.1879,129.0502,0
14.5565,1.5358,-1.0931,127.0886,0
14.5717,1.5258,-0.9968,125.0825,0
14.5869,1.5169,-0.8955,123.0347,0
14.602,1.5089,-0.792,120.9478,0
14.617,1.5021,-0.6852,118.8257,0
14.632,1.4963,-0.5759,116.6719,0
14.6469,1.4917,-0.4645,114.4917,0
14.6618,1.491,-0.0716,112.4431,0
14.6769,1.5116,2.0601,111.5453,0
14.6923,1.5366,2.501,110.8892,0
14.7079,1.5616,2.4996,110.2346,0
14.7238,1.5866,2.4995,109.5807,0
14.7399,1.6116,2.5008,108.9276,0
14.7562,1.6366,2.4994,108.275,0
14.7729,1.6616,2.4994,107.6221,0
14.7897,1.6866,2.5018,106.9693,0
14.8068,1.7116,2.4981,106.3159,0
14.8242,1.7366,2.5017,105.6615,0
14.8418,1.7616,2.4993,105.006,0
14.8597,1.7866,2.4993,104.3486,0
14.8778,1.8116,2.5005,103.6892,0
14.8962,1.8366,2.5004,103.0277,0
14.9148,1.8616,2.4992,102.3634,0
14.9336,1.8866,2.5004,101.696,0
14.9528,1.9116,2.5004,101.0255,0
14.9721,1.9366,2.4993,100.3511,0
14.9917,1.9616,2.5005,99.6726,0
15.0116,1.9866,2.4993,98.9894,0
15.0317,2.0116,2.5005,98.3014,0
15.0521,2.0366,2.5005,97.6083,0
15.0727,2.0616,2.4994,96.9096,0
15.0936,2.0866,2.4994,96.2045,0
15.1147,2.1116,2.5006,95.4929,0
15.136,2.1366,2.5006,94.7749,0
15.1577,2.1616,2.4984,94.0494,0
15.1795,2.1866,2.5017,93.3163,0
15.2016,2.2116,2.4995,92.5755,0
15.224,2.2366,2.4996,91.8261,0
15.2466,2.2616,2.4996,91.0677,0
15.2695,2.2866,2.5007,90.3001,0
15.2926,2.3116,2.5007,89.5234,0
15.316,2.3347,2.3087,88.7368,0
15.3393,2.3377,0.3001,87.9436,0
15.3627,2.335,-0.2651,87.1486,0
15.386,2.3321,-0.2941,86.3521,0
15.4093,2.3289,-0.3198,85.5538,0
15.4325,2.3255,-0.3423,84.7536,0
15.4558,2.3218,-0.3617,83.9512,0
15.4789,2.3181,-0.3783,83.147,0
15.5021,2.3141,-0.3916,82.3409,0
15.5252,2.3101,-0.4021,81.5322,0
15.5483,2.306,-0.4105,80.721,0
15.5713,2.3019,-0.4157,79.9079,0
15.5942,2.2977,-0.4186,79.0924,0
15.6172,2.2935,-0.4191,78.2746,0
15.6401,2.2893,-0.4172,77.454,0
15.6629,2.2852,-0.4137,76.6312,0
15.6857,2.2811,-0.4073,75.8061,0
15.7085,2.2771,-0.3994,74.9782,0
15.7312,2.2732,-0.3898,74.1482,0
15.7539,2.2694,-0.3776,73.3158,0
15.7766,2.2658,-0.3647,72.4812,0
15.7992,2.2623,-0.3491,71.6444,0
15.8218,2.259,-0.3328,70.8053,0
15.8444,2.2558,-0.3147,69.9648,0
15.8669,2.2529,-0.2949,69.1222,0
15.8894,2.2501,-0.2742,68.2777,0
15.9119,2.2476,-0.2519,67.4319,0
15.9343,2.2453,-0.2284,66.5841,0
15.9568,2.2433,-0.2041,65.735,0
15.9792,2.2415,-0.1783,64.8852,0
16.0016,2.24,-0.1516,64.0341,0
16.024,2.2388,-0.124,63.182,0
16.0463,2.2378,-0.0954,62.3293,0
16.0687,2.2371,-0.0658,61.4761,0
16.0911,2.2368,-0.0355,60.6224,0
16.1134,2.2367,-0.0043,59.7687,0
16.1358,2.237,0.0276,58.9151,0
16.1582,2.2376,0.0602,58.0618,0
16.1806,2.2386,0.0935,57.2088,0
16.203,2.2398,0.1274,56.3563,0
16.2254,2.2414,0.1621,55.505,0
16.2478,2.2434,0.1971,54.6552,0
16.2703,2.2457,0.2328,53.8066,0
16.2928,2.2484,0.2688,52.9592,0
16.3153,2.2515,0.3058,52.1137,0
16.3378,2.2549,0.3426,51.2703,0
16.3604,2.2587,0.3803,50.4289,0
16.3831,2.2629,0.4183,49.5902,0
16.4057,2.2675,0.4566,48.7544,0
16.4284,2.2724,0.4951,47.9214,0
16.4512,2.2778,0.5341,47.091,0
16.474,2.2835,0.5741,46.2643,0
16.497,2.2896,0.6128,45.4412,0
16.5199,2.2962,0.6535,44.6214,0
16.5429,2.3031,0.6934,43.8057,0
16.5661,2.3104,0.7339,42.9939,0
16.5892,2.3182,0.775,42.1866,0
16.6125,2.3263,0.8151,41.3836,0
16.6358,2.3349,0.8572,40.5852,0
16.6593,2.3439,0.8976,39.7916,0
16.6828,2.3533,0.9402,39.0029,0
16.7065,2.3631,0.9809,38.2193,0
16.7302,2.38,1.691,37.4887,0
16.7543,2.4054,2.5372,36.8182,0
16.7786,2.4304,2.5002,36.1576,0
16.8032,2.4554,2.4991,35.5069,0
16.828,2.4804,2.5015,34.8662,0
16.853,2.5054,2.4993,34.2354,0
16.8783,2.5304,2.4994,33.6139,0
16.9039,2.5554,2.5006,33.0019,0
16.9297,2.5804,2.4996,32.3991,0
16.9557,2.6054,2.5009,31.8055,0
16.982,2.6304,2.4989,31.2207,0
17.0086,2.6554,2.5012,30.6445,0
17.0354,2.6804,2.4982,30.0766,0
17.0624,2.7054,2.5016,29.5168,0
17.0898,2.7304,2.4987,28.9649,0
17.1173,2.7554,2.501,28.4207,0
17.1451,2.7804,2.4992,27.8839,0
17.1732,2.8054,2.5005,27.3542,0
17.2015,2.8304,2.4998,26.8315,0
17.23,2.8554,2.5001,26.3153,0
17.2588,2.8804,2.4995,25.8053,0
17.2879,2.9054,2.4998,25.3013,0
17.3172,2.9304,2.5012,24.8031,0
17.3467,2.9477,1.7289,24.3109,0
17.3759,2.9276,-2.0053,23.828,0
17.4049,2.9026,-2.4996,23.3574,0
17.4337,2.8776,-2.499,22.8983,0
17.4623,2.8526,-2.5013,22.4505,0
17.4905,2.8276,-2.4996,22.0133,0
17.5186,2.8026,-2.501,21.586,0
17.5463,2.7776,-2.4993,21.168,0
17.5739,2.7526,-2.4996,20.7585,0
17.6011,2.7276,-2.5009,20.3573,0
17.6282,2.7026,-2.4992,19.9637,0
17.6549,2.6776,-2.5006,19.5772,0
17.6815,2.6526,-2.4999,19.1974,0
17.7078,2.6276,-2.5002,18.8238,0
17.7338,2.6026,-2.5005,18.456,0
17.7595,2.5776,-2.4998,18.0935,0
17.7851,2.5526,-2.4991,17.7357,0
17.8103,2.5276,-2.5015,17.3824,0
17.8354,2.5026,-2.4997,17.0332,0
17.8602,2.4776,-2.499,16.6874,0
17.8847,2.4526,-2.5015,16.3449,0
17.909,2.4276,-2.4987,16.0051,0
17.933,2.4026,-2.5012,15.6675,0
17.9568,2.3776,-2.4994,15.3319,0
17.9803,2.3526,-2.5009,14.9978,0
18.0036,2.3276,-2.4991,14.6647,0
18.0266,2.3026,-2.5006,14.3321,0
18.0494,2.2776,-2.499,13.9995,0
18.0719,2.2526,-2.5015,13.6666,0
18.0942,2.2276,-2.4988,13.3327,0
18.1162,2.2026,-2.5004,12.9971,0
18.138,2.1776,-2.501,12.6597,0
18.1595,2.1526,-2.4994,12.3195,0
18.1808,2.1276,-2.499,11.9756,0
18.2018,2.1026,-2.5018,11.6277,0
18.2226,2.0776,-2.4993,11.2748,0
18.2431,2.0526,-2.5001,10.916,0
18.2634,2.0276,-2.4999,10.5501,0
18.2834,2.0026,-2.4997,10.1762,0
18.3032,1.9776,-2.5007,9.7929,0
18.3227,1.9526,-2.4997,9.3988,0
18.342,1.9276,-2.5009,8.9924,0
18.361,1.9026,-2.4992,8.5716,0
18.3798,1.8776,-2.4997,8.134,0
18.3983,1.8526,-2.5014,7.6773,0
18.4166,1.8276,-2.4993,7.1982,0
18.4346,1.8026,-2.4995,6.6926,0
18.4524,1.7776,-2.501,6.1564,0
18.4699,1.7526,-2.5,5.5838,0
18.4872,1.7276,-2.4996,4.9675,0
18.5042,1.7026,-2.5007,4.2986,0
18.521,1.6776,-2.5,3.5656,0
18.5375,1.6526,-2.4995,2.7524,0
18.5538,1.6276,-2.5012,1.8385,0
18.5698,1.6026,-2.4999,0.7944,0
18.5856,1.5776,-2.5005,-0.4231,0
18.6011,1.5526,-2.4997,-1.8793,0
18.6165,1.5335,-1.9068,-3.5501,0
18.632,1.5519,1.8421,-4.6532,0
18.6477,1.5769,2.4997,-5.5969,0
18.6638,1.6019,2.4996,-6.5156,0
18.68,1.6269,2.4999,-7.4163,0
18.6965,1.6519,2.4992,-8.3049,0
18.7133,1.6769,2.5011,-9.1862,0
18.7303,1.7019,2.4993,-10.0647,0
18.7476,1.7269,2.4994,-10.9449,0
18.7651,1.7519,2.5008,-11.8302,0
18.7829,1.7769,2.4999,-12.7236,0
18.8009,1.8019,2.499,-13.6292,0
18.8192,1.8269,2.5008,-14.5499,0
18.8377,1.8519,2.4997,-15.4883,0
18.8565,1.8769,2.5,-16.4479,0
18.8755,1.9019,2.4995,-17.4319,0
18.8948,1.9269,2.5004,-18.4432,0
18.9143,1.9519,2.4998,-19.4848,0
18.9339,1.9596,0.7647,-20.5555,0
18.9533,1.9453,-1.4313,-21.6469,0
18.9726,1.9302,-1.5095,-22.7548,0
18.9918,1.9145,-1.5637,-23.8809,0
19.0108,1.8985,-1.6033,-25.0262,0
19.0296,1.8822,-1.6275,-26.1914,0
19.0482,1.8658,-1.638,-27.3781,0
19.0667,1.8494,-1.6393,-28.5873,0
19.0851,1.8332,-1.6278,-29.8196,0
19.1032,1.8171,-1.609,-31.0761,0
19.1212,1.8013,-1.5804,-32.3572,0
19.1391,1.7858,-1.5457,-33.6634,0
19.1568,1.7708,-1.5023,-34.9954,0
19.1744,1.7562,-1.4548,-36.354,0
19.1918,1.7422,-1.4013,-37.7384,0
19.2091,1.7288,-1.3416,-39.1496,0
19.2262,1.716,-1.28,-40.587,0
19.2433,1.7039,-1.2114,-42.0504,0
19.2602,1.6925,-1.1417,-43.5398,0
19.277,1.6818,-1.0674,-45.0539,0
19.2937,1.6719,-0.9906,-46.5919,0
19.3104,1.6628,-0.9108,-48.153,0
19.3269,1.6545,-0.8289,-49.736,0
19.3434,1.6471,-0.7448,-51.3394,0
19.3598,1.6405,-0.6587,-52.9611,0
19.3761,1.6348,-0.5707,-54.5997,0
19.3924,1.6299,-0.4815,-56.2529,0
19.4087,1.626,-0.3905,-57.9183,0
19.4249,1.6231,-0.2984,-59.5939,0
19.4411,1.621,-0.2054,-61.2766,0
19.4573,1.6199,-0.1111,-62.9642,0
19.4735,1.6197,-0.0162,-64.654,0
19.4897,1.6205,0.0796,-66.3417,0
19.506,1.6223,0.1758,-68.0258,0
19.5222,1.625,0.2727,-69.7042,0
19.5385,1.6287,0.3701,-71.3735,0
19.5548,1.6334,0.4679,-73.0303,0
19.5712,1.639,0.5655,-74.6727,0
19.5877,1.6457,0.6639,-76.2988,0
19.6042,1.6533,0.7623,-77.9058,0
19.6208,1.6619,0.8607,-79.4914,0
19.6375,1.6715,0.9592,-81.0538,0
19.6544,1.6821,1.0569,-82.5923,0
19.6712,1.6865,0.4386,-84.1017,0
19.6879,1.6641,-2.2361,-85.5657,0
19.7043,1.6391,-2.4998,-86.9726,0
19.7204,1.614,-2.5058,-88.321,0
19.7364,1.5968,-1.7285,-89.8606,0
19.7523,1.5875,-0.9243,-91.6362,0
19.7681,1.5794,-0.8094,-93.4408,0
19.7838,1.5725,-0.6948,-95.2707,0
19.7994,1.5667,-0.5793,-97.1234,0
19.8151,1.562,-0.4647,-98.9959,0
19.8306,1.5585,-0.3501,-100.883,0
19.8462,1.5562,-0.2353,-102.7814,0
19.8618,1.555,-0.1212,-104.6869,0
19.8773,1.5549,-0.0073,-106.5947,0
19.8929,1.556,0.106,-108.5005,0
19.9085,1.5581,0.2186,-110.4,0
19.9241,1.5614,0.3306,-112.2893,0
19.9397,1.5659,0.4416,-114.1636,0
19.9554,1.5714,0.5514,-116.02,0
19.9712,1.578,0.6604,-117.855,0
19.9871,1.5857,0.7679,-119.6646,0
20.003,1.5944,0.8735,-121.4467,0
20.0191,1.6042,0.9778,-123.1992,0
20.0352,1.615,1.0807,-124.9193,0
20.0515,1.6268,1.1803,-126.6056,0
20.0679,1.6396,1.2789,-128.2569,0
20.0844,1.6533,1.3745,-129.8714,0
20.1011,1.668,1.4662,-131.4491,0
20.1179,1.6835,1.5558,-132.9902,0
20.1349,1.7,1.6421,-134.4941,0
20.1521,1.7172,1.7244,-135.9603,0
20.1694,1.7352,1.8006,-137.3902,0
20.187,1.754,1.8752,-138.784,0
20.2047,1.7734,1.9419,-140.1419,0
20.2226,1.7934,2.0033,-141.4654,0
20.2408,1.814,2.0586,-142.7551,0
20.2591,1.835,2.1051,-144.0123,0
20.2777,1.8565,2.1445,-145.2381,0
20.2965,1.8782,2.173,-146.434,0
20.3155,1.9001,2.1921,-147.601,0
20.3347,1.9221,2.1976,-148.7406,0
20.3542,1.944,2.1899,-149.8543,0
20.3738,1.9657,2.1671,-150.9433,0
20.3937,1.9869,2.1242,-152.0092,0
20.4138,2.0076,2.0628,-153.0537,0
20.4339,2.0109,0.3332,-154.0742,0
20.4537,1.9863,-2.4569,-155.0623,0
20.4733,1.9613,-2.5003,-156.0145,0
20.4927,1.9363,-2.5,-156.9347,0
20.5118,1.9113,-2.4998,-157.8265,0
20.5307,1.8863,-2.5005,-158.6934,0
20.5493,1.8613,-2.4997,-159.5387,0
20.5676,1.8363,-2.5005,-160.366,0
20.5858,1.8113,-2.4993,-161.1789,0
20.6036,1.7863,-2.5012,-161.9808,0
20.6212,1.7613,-2.4996,-162.7754,0
20.6386,1.7363,-2.4998,-163.5673,0
20.6557,1.7113,-2.501,-164.3608,0
20.6726,1.6863,-2.4998,-165.1612,0
20.6892,1.6613,-2.4998,-165.9752,0
20.7056,1.6363,-2.5006,-166.8102,0
20.7217,1.6113,-2.5002,-167.6758,0
20.7375,1.5863,-2.4998,-168.5851,0
20.7531,1.5613,-2.5011,-169.5551,0
20.7685,1.5363,-2.4997,-170.6103,0
20.7836,1.5113,-2.5003,-171.7881,0
20.7985,1.4863,-2.5012,-173.1465,0
20.8131,1.4613,-2.5001,-174.788,0
20.8275,1.4414,-1.9837,-176.6614,0
20.8421,1.4564,1.4961,-176.7054,0
20.8569,1.4814,2.4984,-176.3377,0
20.872,1.5064,2.4984,-176.0541,0
20.8873,1.5314,2.5,-175.828,0
20.9028,1.5564,2.4988,-175.6432,0
20.9187,1.5814,2.5002,-175.4894,0
20.9347,1.6064,2.4995,-175.3596,0
20.951,1.6314,2.4992,-175.2486,0
20.9676,1.6563,2.4998,-175.1528,0
20.9844,1.6814,2.4973,-175.0694,0
21.0015,1.7064,2.503,-174.9966,0
21.0188,1.7314,2.4968,-174.9325,0
21.0364,1.7564,2.5017,-174.876,0
21.0542,1.7814,2.4992,-174.826,0
21.0722,1.8063,2.5012,-174.7817,0
21.0905,1.8313,2.498,-174.7423,0
21.1091,1.8563,2.4995,-174.7073,0
21.1279,1.8814,2.5009,-174.6762,0
21.147,1.9063,2.4996,-174.6486,0
21.1663,1.9313,2.5007,-174.6242,0
21.1858,1.9563,2.4991,-174.6026,0
21.2057,1.9813,2.5,-174.5836,0
21.2257,2.0063,2.4982,-174.5669,0
21.246,2.0313,2.5016,-174.5524,0
21.2666,2.0563,2.4996,-174.5399,0
21.2874,2.0813,2.5003,-174.5292,0
21.3085,2.1063,2.4982,-174.5202,0
21.3298,2.1313,2.5014,-174.5129,0
21.3514,2.1563,2.4992,-174.507,0
21.3732,2.1813,2.4996,-174.5024,0
21.3952,2.2063,2.5028,-174.4992,0
21.4175,2.2313,2.4977,-174.4972,0
21.4401,2.2563,2.4981,-174.4964,0
21.4629,2.2813,2.504,-174.4966,0
21.486,2.3063,2.4959,-174.4979,0
21.5093,2.3313,2.5018,-174.5001,0
21.5329,2.3563,2.4993,-174.5033,0
21.5567,2.3813,2.5024,-174.5074,0
21.5807,2.4063,2.497,-174.5123,0
21.6051,2.4313,2.5001,-174.5181,0
21.6296,2.4563,2.5003,-174.5246,0
21.6544,2.4813,2.5005,-174.5319,0
21.6795,2.5063,2.5007,-174.5399,0
21.7048,2.5313,2.4981,-174.5486,0
21.7304,2.5563,2.5011,-174.5579,0
21.7562,2.5813,2.4984,-174.568,0
21.7823,2.6063,2.5015,-174.5787,0
21.8085,2.6313,2.5016,-174.5899,0
21.8352,2.6563,2.496,-174.6018,0
21.862,2.6813,2.5019,-174.6143,0
21.889,2.7063,2.5021,-174.6273,0
21.9163,2.7313,2.4964,-174.6409,0
21.9439,2.7563,2.5023,-174.6551,0
21.9717,2.7813,2.4967,-174.6698,0
21.9998,2.8063,2.5026,-174.685,0
22.0281,2.8313,2.4998,-174.7007,0
22.0566,2.8563,2.4999,-174.7169,0
22.0855,2.8813,2.5,-174.7337,0
22.1145,2.9063,2.5001,-174.7509,0
22.1438,2.9313,2.5002,-174.7686,0
22.1734,2.9563,2.4974,-174.7868,0
22.2032,2.9813,2.5033,-174.8054,0
22.2333,3.0063,2.4976,-174.8246,0
22.2636,3.0313,2.5006,-174.8442,0
22.2941,3.0563,2.5007,-174.8642,0
22.325,3.0813,2.4979,-174.8847,0
22.356,3.1063,2.5037,-174.9057,0
22.3873,3.1313,2.498,-174.9271,0
22.4189,3.1563,2.4981,-174.949,0
22.4507,3.1813,2.5011,-174.9713,0
22.4828,3.2063,2.5011,-174.9941,0
22.5151,3.2313,2.4983,-175.0173,0
22.5476,3.2563,2.5013,-175.041,0
22.5805,3.2813,2.4985,-175.0651,0
22.6135,3.3063,2.5014,-175.0896,0
22.6468,3.3313,2.5015,-175.1146,0
22.6804,3.3563,2.4959,-175.14,0
22.7142,3.3813,2.5016,-175.166,0
22.7483,3.4063,2.5017,-175.1923,0
22.7826,3.4313,2.4989,-175.2191,0
22.8172,3.4563,2.4989,-175.2463,0
22.8519,3.4813,2.5018,-175.274,0
22.887,3.5063,2.4991,-175.3021,0
22.9223,3.5313,2.4991,-175.3307,0
22.9579,3.5563,2.502,-175.3598,0
22.9937,3.5813,2.4965,-175.3894,0
23.0298,3.6063,2.5021,-175.4194,0
23.066,3.6313,2.5022,-175.4498,0
23.1026,3.6563,2.4966,-175.4808,0
23.1395,3.6813,2.4995,-175.5122,0
23.1765,3.7063,2.5023,-175.5441,0
23.2138,3.7313,2.4996,-175.5765,0
23.2514,3.7563,2.4996,-175.6094,0
23.2892,3.7813,2.4997,-175.6428,0
23.3273,3.8063,2.4998,-175.6767,0
23.3656,3.8313,2.4998,-175.7111,0
23.4042,3.8563,2.4999,-175.746,0
23.4429,3.8813,2.5027,-175.7814,0
23.482,3.9063,2.4972,-175.8174,0
23.5213,3.9313,2.5,-175.8539,0
23.5609,3.9563,2.5001,-175.8909,0
23.6007,3.9813,2.5001,-175.9285,0
23.6407,3.9992,1.7985,-175.9666,0
23.6807,4,0.0782,-176.0052,0
23.7207,4,-0.0001,-176.044,0
23.7607,4,-0.0001,-176.0832,0
23.8007,4,-0.0001,-176.1227,0
23.8407,4,-0.0001,-176.1626,0
23.8807,4,-0.0001,-176.2027,0
23.9207,4,-0.0001,-176.2433,0
23.9607,4,-0.0001,-176.2841,0
24.0007,4,-0.0001,-176.3253,0
24.0407,4,-0.0001,-176.3668,0
24.0807,4,-0.0001,-176.4087,0
24.1207,4,-0.0001,-176.451,0
24.1607,4,-0.0001,-176.4936,0
24.2007,4,-0.0001,-176.5366,0
24.2407,4,-0.0001,-176.5799,0
24.2807,4,-0.0001,-176.6236,0
24.3207,4,-0.0001,-176.6677,0
24.3608,4,-0.0001,-176.7122,0
24.4007,4,-0.0001,-176.757,0
24.4407,4,-0.0001,-176.8022,0
24.4807,4,-0.0001,-176.8479,0
24.5207,4,-0.0001,-176.8939,0
24.5607,4,-0.0001,-176.9403,0
24.6007,4,-0.0001,-176.9872,0
24.6407,4,-0.0001,-177.0345,0
24.6807,4,-0.0001,-177.0822,0
24.7207,4,-0.0001,-177.1303,0
24.7607,4,-0.0001,-177.1788,0
24.8007,4,-0.0001,-177.2278,0
24.8407,4,-0.0001,-177.2773,0
24.8807,4,-0.0001,-177.3272,0
24.9207,4,-0.0001,-177.3775,0
24.9607,4,-0.0001,-177.4284,0
25.0007,4,-0.0001,-177.4796,0
25.0407,4,-0.0001,-177.5314,0
25.0807,4,-0.0001,-177.5837,0
25.1207,4,-0.0001,-177.6365,0
25.1607,4,-0.0001,-177.6897,0
25.2006,3.9879,-1.213,-177.7434,0
25.2402,3.9629,-2.4996,-177.7974,0
25.2797,3.9378,-2.5,-177.8516,0
25.3187,3.9129,-2.5032,-177.9059,0
25.3576,3.8879,-2.4972,-177.9603,0
25.3962,3.8629,-2.5003,-178.015,0
25.4346,3.8379,-2.5004,-178.0699,0
25.4727,3.8129,-2.5004,-178.1249,0
25.5106,3.7879,-2.5005,-178.1801,0
25.5483,3.7629,-2.4974,-178.2354,0
25.5856,3.7379,-2.5039,-178.291,0
25.6227,3.7129,-2.4976,-178.3466,0
25.6596,3.6879,-2.5008,-178.4025,0
25.6963,3.6629,-2.4976,-178.4585,0
25.7326,3.6379,-2.5042,-178.5147,0
25.7688,3.6129,-2.4977,-178.571,0
25.8046,3.5879,-2.5011,-178.6275,0
25.8403,3.5629,-2.4978,-178.6841,0
25.8757,3.5379,-2.5012,-178.741,0
25.9108,3.5129,-2.5013,-178.7979,0
25.9457,3.4879,-2.4979,-178.855,0
25.9803,3.4629,-2.5014,-178.9122,0
26.0146,3.4379,-2.5015,-178.9695,0
26.0488,3.4129,-2.498,-179.027,0
26.0827,3.3878,-2.498,-179.0847,0
26.1163,3.3629,-2.5052,-179.1424,0
26.1497,3.3378,-2.4945,-179.2003,0
26.1828,3.3128,-2.5053,-179.2583,0
26.2157,3.2879,-2.4982,-179.3164,0
26.2483,3.2629,-2.4982,-179.3747,0
26.2807,3.2379,-2.5018,-179.433,0
26.3129,3.2128,-2.4982,-179.4915,0
26.3447,3.1878,-2.5019,-179.5501,0
26.3764,3.1628,-2.4982,-179.6088,0
26.4077,3.1378,-2.502,-179.6676,0
26.4389,3.1128,-2.4983,-179.7264,0
26.4697,3.0878,-2.5021,-179.7854,0
26.5004,3.0628,-2.4983,-179.8444,0
26.5307,3.0378,-2.5022,-179.9035,0
26.5609,3.0129,-2.4983,-179.9627,0
26.5908,2.9878,-2.4983,179.978,0
26.6204,2.9628,-2.5023,179.9187,0
26.6497,2.9379,-2.5024,179.8593,0
26.6789,2.9128,-2.4943,179.7999,0
26.7077,2.8879,-2.5065,179.7404,0
26.7364,2.8629,-2.4942,179.6809,0
26.7648,2.8378,-2.5024,179.6213,0
26.793,2.8128,-2.4983,179.5616,0
26.8208,2.7878,-2.5025,179.502,0
26.8484,2.7628,-2.5026,179.4424,0
26.8758,2.7379,-2.494,179.3828,0
26.9029,2.7128,-2.5026,179.323,0
26.9298,2.6878,-2.5026,179.2634,0
26.9565,2.6628,-2.4938,179.2037,0
26.9828,2.6378,-2.5071,179.144,0
27.009,2.6128,-2.4938,179.0844,0
27.0349,2.5878,-2.5027,179.0247,0
27.0604,2.5628,-2.5027,178.9652,0
27.0858,2.5379,-2.4982,178.9057,0
27.1109,2.5129,-2.4981,178.8462,0
27.1358,2.4879,-2.5028,178.7868,0
27.1604,2.4629,-2.4981,178.7274,0
27.1849,2.4378,-2.498,178.6681,0
27.209,2.4128,-2.5028,178.6088,0
27.2329,2.3878,-2.498,178.5497,0
27.2565,2.3628,-2.5028,178.4906,0
27.2799,2.3378,-2.4979,178.4317,0
27.303,2.3128,-2.5029,178.3729,0
27.3258,2.2879,-2.4979,178.3143,0
27.3485,2.2628,-2.4978,178.2557,0
27.3709,2.2378,-2.5029,178.1972,0
27.393,2.2128,-2.4977,178.139,0
27.4149,2.1878,-2.5029,178.0809,0
27.4365,2.1628,-2.4976,178.0229,0
27.4579,2.1378,-2.5029,177.9652,0
27.479,2.1128,-2.4975,177.9077,0
27.4999,2.0878,-2.503,177.8504,0
27.5205,2.0629,-2.4974,177.7933,0
27.5409,2.0378,-2.4973,177.7363,0
27.5611,2.0128,-2.5029,177.6796,0
27.5809,1.9878,-2.503,177.6232,0
27.6005,1.9629,-2.4972,177.5671,0
27.6199,1.9378,-2.4971,177.5111,0
27.639,1.9128,-2.5029,177.4554,0
27.6579,1.8879,-2.503,177.4001,0
27.6766,1.8628,-2.4908,177.345,0
27.6949,1.8378,-2.5091,177.2902,0
27.7131,1.8128,-2.4968,177.2359,0
27.731,1.7878,-2.4966,177.1817,0
27.7485,1.7628,-2.5094,177.128,0
27.766,1.7378,-2.4901,177.0747,0
27.7831,1.7128,-2.5029,177.0216,0
27.8,1.6878,-2.5029,176.969,0
27.8166,1.6628,-2.4962,176.9168,0
27.833,1.6378,-2.5029,176.8649,0
27.8491,1.6128,-2.503,176.8136,0
27.8649,1.5879,-2.4959,176.7627,0
27.8806,1.5628,-2.4957,176.7121,0
27.896,1.5378,-2.5028,176.662,0
27.9111,1.5128,-2.5029,176.6124,0
27.9259,1.4878,-2.503,176.5634,0
27.9406,1.4629,-2.4953,176.5148,0
27.955,1.4378,-2.4951,176.4666,0
27.9691,1.4128,-2.5107,176.419,0
27.983,1.3879,-2.495,176.3721,0
27.9966,1.3628,-2.4947,176.3255,0
28.01,1.3378,-2.5027,176.2795,0
28.0232,1.3127,-2.5028,176.2341,0
28.036,1.2878,-2.5029,176.1894,0
28.0487,1.2628,-2.4941,176.1452,0
28.061,1.2378,-2.5027,176.1016,0
28.0731,1.2128,-2.5028,176.0587,0
28.085,1.1878,-2.4936,176.0164,0
28.0967,1.1628,-2.5026,175.9747,0
28.108,1.1378,-2.5027,175.9337,0
28.1192,1.1128,-2.4929,175.8934,0
28.13,1.0878,-2.5128,175.8538,0
28.1406,1.0629,-2.4926,175.815,0
28.1511,1.0378,-2.4921,175.7766,0
28.1612,1.0128,-2.5134,175.7391,0
28.1711,0.9878,-2.4918,175.7024,0
28.1807,0.9628,-2.5026,175.6664,0
28.19,0.9378,-2.5027,175.6312,0
28.1992,0.9128,-2.4908,175.5967,0
28.2081,0.8877,-2.5023,175.5628,0
28.2167,0.8627,-2.5025,175.5299,0
28.2251,0.8377,-2.5026,175.4978,0
28.2332,0.8127,-2.5028,175.4666,0
28.2411,0.7877,-2.489,175.4361,0
28.2487,0.7627,-2.5169,175.4065,0
28.2561,0.7378,-2.4884,175.3778,0
28.2632,0.7128,-2.5026,175.3499,0
28.2701,0.6877,-2.4869,175.3227,0
28.2767,0.6627,-2.5186,175.2965,0
28.2832,0.6376,-2.486,175.2712,0
28.2892,0.6127,-2.5204,175.2468,0
28.2951,0.5878,-2.4851,175.2235,0
28.3007,0.5628,-2.5027,175.2009,0
28.3061,0.5378,-2.503,175.1792,0
28.3113,0.5127,-2.4819,175.1584,0
28.3161,0.4877,-2.5244,175.1386,0
28.3208,0.4627,-2.4803,175.1197,0
28.3251,0.4377,-2.5278,175.1019,0
28.3292,0.4129,-2.4786,175.085,0
28.3331,0.3878,-2.5028,175.069,0
28.3368,0.3628,-2.5034,175.054,0
28.3402,0.3376,-2.4715,175.0398,0
28.3433,0.3124,-2.5356,175.0266,0
28.3461,0.2876,-2.5058,175.0147,0
28.3488,0.2625,-2.4649,175.0036,0
28.3511,0.2376,-2.5491,174.9935,0
28.3533,0.2127,-2.4588,174.9845,0
28.3552,0.1874,-2.5018,174.9763,0
28.3568,0.1622,-2.5026,174.9692,0
28.3582,0.137,-2.5042,174.9631,0
28.3593,0.112,-2.5073,174.958,0
28.3602,0.0871,-2.5146,174.954,0
28.3609,0.0606,-2.3365,174.9508,0
28.3612,0.0336,-2.6349,174.9487,0
28.3613,0.0104,-2.7951,174.9479,0