0,0,0,-2.8154,-0.0002
0.0001,0.0093,0.9,-2.814,-0.0014
0.0003,0.0228,1.3818,-2.8101,-0.0042
0.0007,0.0378,1.4735,-2.8028,-0.009
0.0012,0.0527,1.5331,-2.792,-0.0154
0.0019,0.0677,1.4647,-2.7776,-0.024
0.0027,0.0828,1.5211,-2.7597,-0.0342
0.0037,0.0977,1.4995,-2.7388,-0.0462
0.0048,0.1126,1.4986,-2.7147,-0.06
0.0061,0.1276,1.4979,-2.6875,-0.0756
0.0075,0.1426,1.4974,-2.6574,-0.093
0.0091,0.1576,1.5045,-2.6247,-0.112
0.0108,0.1726,1.4954,-2.5895,-0.1328
0.0127,0.1876,1.5017,-2.5518,-0.1552
0.0147,0.2026,1.5064,-2.5123,-0.179
0.0169,0.2176,1.4928,-2.4708,-0.2046
0.0192,0.2326,1.5037,-2.4275,-0.2316
0.0217,0.2476,1.497,-2.3827,-0.2602
0.0243,0.2626,1.5014,-2.3365,-0.2902
0.0271,0.2776,1.5003,-2.2891,-0.3216
0.03,0.2926,1.4993,-2.2408,-0.3544
0.0331,0.3076,1.5029,-2.1917,-0.3884
0.0363,0.3225,1.4976,-2.142,-0.4238
0.0397,0.3375,1.5011,-2.0917,-0.4604
0.0432,0.3526,1.4963,-2.041,-0.4984
0.0469,0.3676,1.5035,-1.99,-0.5374
0.0508,0.3826,1.4988,-1.939,-0.5776
0.0547,0.3976,1.5019,-1.8881,-0.6188
0.0589,0.4126,1.4976,-1.8372,-0.6612
0.0631,0.4276,1.504,-1.7866,-0.7044
0.0675,0.4425,1.4965,-1.7364,-0.7488
0.0721,0.4576,1.4995,-1.6863,-0.7942
0.0769,0.4726,1.5022,-1.6368,-0.8404
0.0817,0.4876,1.4985,-1.5878,-0.8876
0.0868,0.5026,1.5012,-1.5394,-0.9356
0.0919,0.5176,1.5007,-1.4917,-0.9844
0.0972,0.5325,1.5003,-1.4446,-1.034
0.1027,0.5476,1.4969,-1.3982,-1.0846
0.1083,0.5626,1.5025,-1.3524,-1.1358
0.1141,0.5776,1.4992,-1.3075,-1.1878
0.12,0.5925,1.5017,-1.2634,-1.2404
0.1261,0.6076,1.4958,-1.22,-1.294
0.1324,0.6226,1.5039,-1.1774,-1.348
0.1387,0.6376,1.4981,-1.1357,-1.4028
0.1453,0.6526,1.5006,-1.0948,-1.4582
0.1519,0.6676,1.5003,-1.0547,-1.5142
0.1588,0.6826,1.5001,-1.0155,-1.5708
0.1657,0.6976,1.4999,-0.9772,-1.628
0.1729,0.7126,1.4997,-0.9396,-1.6858
0.1801,0.7276,1.502,-0.9029,-1.744
0.1876,0.7426,1.4967,-0.8671,-1.803
0.1951,0.7576,1.5017,-0.832,-1.8624
0.2028,0.7725,1.5015,-0.7978,-1.9222
0.2107,0.7876,1.4963,-0.7644,-1.9828
0.2188,0.8026,1.5036,-0.7317,-2.0436
0.2269,0.8175,1.4986,-0.6999,-2.105
0.2353,0.8326,1.4985,-0.6688,-2.167
0.2437,0.8476,1.5032,-0.6386,-2.2292
0.2523,0.8625,1.4982,-0.6091,-2.292
0.2611,0.8776,1.4982,-0.5802,-2.3554
0.2701,0.8926,1.5028,-0.5522,-2.419
0.2791,0.9075,1.5003,-0.5249,-2.483
0.2884,0.9225,1.4979,-0.4983,-2.5476
0.2977,0.9376,1.5002,-0.4724,-2.6126
0.3072,0.9525,1.5024,-0.4472,-2.6778
0.3169,0.9675,1.4977,-0.4226,-2.7436
0.3268,0.9825,1.4999,-0.3987,-2.8098
0.3368,0.9976,1.4999,-0.3755,-2.8764
0.3469,1.0126,1.502,-0.3529,-2.9432
0.3572,1.0276,1.4975,-0.3309,-3.0106
0.3676,1.0426,1.5019,-0.3096,-3.0782
0.3781,1.0576,1.4996,-0.2888,-3.1462
0.3889,1.0726,1.4996,-0.2687,-3.2146
0.3997,1.0876,1.4996,-0.2491,-3.2834
0.4108,1.1025,1.5017,-0.2302,-3.3524
0.422,1.1176,1.4973,-0.2117,-3.422
0.4333,1.1326,1.5016,-0.1938,-3.4918
0.4447,1.1475,1.5016,-0.1765,-3.5618
0.4564,1.1625,1.4973,-0.1597,-3.6324
0.4681,1.1775,1.5015,-0.1435,-3.7032
0.4801,1.1925,1.4994,-0.1277,-3.7744
0.4921,1.2075,1.4993,-0.1124,-3.846
0.5044,1.2225,1.5014,-0.0977,-3.9178
0.5167,1.2375,1.4993,-0.0834,-3.99
0.5293,1.2525,1.4993,-0.0696,-4.0626
0.5419,1.2675,1.5013,-0.0563,-4.1354
0.5548,1.2825,1.4993,-0.0435,-4.2086
0.5678,1.2975,1.4993,-0.0311,-4.2822
0.5809,1.3125,1.5013,-0.0191,-4.356
0.5941,1.3275,1.4992,-0.0077,-4.4302
0.6076,1.3426,1.4993,0.0034,-4.5048
0.6212,1.3576,1.5013,0.014,-4.5796
0.6349,1.3725,1.5012,0.0242,-4.6546
0.6487,1.3875,1.4973,0.034,-4.7302
0.6628,1.4025,1.5012,0.0433,-4.806
0.677,1.4175,1.4993,0.0523,-4.8822
0.6913,1.4325,1.5012,0.0608,-4.9586
0.7057,1.4475,1.4993,0.069,-5.0354
0.7204,1.4625,1.4993,0.0767,-5.1126
0.7352,1.4776,1.5012,0.0841,-5.19
0.7501,1.4925,1.4993,0.0911,-5.2678
0.7651,1.5075,1.5012,0.0976,-5.3458
0.7804,1.5225,1.4974,0.1039,-5.4244
0.7957,1.5375,1.5032,0.1097,-5.503
0.8113,1.5525,1.4974,0.1152,-5.5822
0.8269,1.5675,1.5013,0.1202,-5.6616
0.8428,1.5825,1.4994,0.125,-5.7414
0.8588,1.5975,1.4994,0.1293,-5.8216
0.8749,1.6125,1.5013,0.1333,-5.902
0.8911,1.6275,1.4994,0.137,-5.9828
0.9076,1.6425,1.4995,0.1403,-6.064
0.9241,1.6575,1.5013,0.1432,-6.1454
0.9409,1.6725,1.4977,0.1458,-6.2274
0.9577,1.6875,1.5032,0.148,-6.3094
0.9748,1.7025,1.4977,0.1498,-6.392
0.992,1.7175,1.4996,0.1513,-6.475
1.0093,1.7325,1.5014,0.1525,-6.5582
1.0267,1.7475,1.4996,0.1533,-6.6418
1.0444,1.7625,1.4997,0.1538,-6.7258
1.0622,1.7775,1.4997,0.1539,-6.8102
1.0801,1.7925,1.4997,0.1537,-6.895
1.0981,1.8075,1.5015,0.1531,-6.98
1.1164,1.8225,1.498,0.1521,-7.0656
1.1348,1.8375,1.5016,0.1508,-7.1514
1.1533,1.8525,1.4998,0.1492,-7.2376
1.1719,1.8675,1.4999,0.1472,-7.3242
1.1908,1.8825,1.4982,0.1448,-7.4114
1.2098,1.8975,1.5017,0.1421,-7.4988
1.2289,1.9125,1.5,0.139,-7.5866
1.2482,1.9275,1.5,0.1356,-7.6748
1.2676,1.9425,1.5001,0.1318,-7.7634
1.2872,1.9575,1.4984,0.1276,-7.8526
1.3069,1.9725,1.5018,0.123,-7.942
1.3268,1.9875,1.4985,0.1181,-8.032
1.3468,2.0025,1.5002,0.1128,-8.1224
1.3669,2.0175,1.5019,0.1071,-8.213
1.3873,2.0325,1.497,0.101,-8.3044
1.4078,2.0475,1.502,0.0946,-8.396
1.4284,2.0625,1.4988,0.0877,-8.4882
1.4492,2.0775,1.5005,0.0804,-8.5808
1.4701,2.0925,1.5005,0.0727,-8.6738
1.4912,2.1075,1.499,0.0646,-8.7674
1.5124,2.1225,1.5006,0.0561,-8.8614
1.5338,2.1375,1.4991,0.0471,-8.956
1.5553,2.1525,1.5007,0.0378,-9.051
1.5769,2.1675,1.5008,0.0279,-9.1464
1.5988,2.1825,1.4977,0.0176,-9.2426
1.6207,2.1975,1.5025,0.0069,-9.339
1.6429,2.2125,1.4979,-0.0043,-9.4362
1.6652,2.2275,1.501,-0.016,-9.5338
1.6876,2.2425,1.4996,-0.0282,-9.632
1.7101,2.2575,1.5012,-0.0409,-9.7306
1.7329,2.2725,1.4982,-0.0541,-9.83
1.7557,2.2875,1.5013,-0.0679,-9.9298
1.7788,2.3025,1.4984,-0.0821,-10.0304
1.802,2.3175,1.5014,-0.097,-10.1314
1.8253,2.3325,1.5,-0.1124,-10.233
1.8488,2.3475,1.4986,-0.1284,-10.3354
1.8724,2.3625,1.5002,-0.145,-10.4384
1.8962,2.3775,1.5003,-0.1622,-10.542
1.9201,2.3925,1.5004,-0.18,-10.6462
1.9441,2.4075,1.5005,-0.1985,-10.751
1.9684,2.4225,1.4991,-0.2177,-10.8566
1.9928,2.4375,1.4993,-0.2375,-10.963
2.0173,2.4525,1.5008,-0.2582,-11.07
2.042,2.4675,1.4995,-0.2795,-11.1778
2.0668,2.4825,1.4996,-0.3016,-11.2864
2.0918,2.4967,1.4168,-0.3245,-11.3956
2.1168,2.5,0.3316,-0.3482,-11.5052
2.1418,2.5,-0.0001,-0.3726,-11.6148
2.1667,2.4935,-0.6455,-0.3977,-11.7244
2.1915,2.4786,-1.497,-0.4235,-11.8334
2.2161,2.4636,-1.4996,-0.4498,-11.942
2.2406,2.4486,-1.4997,-0.4768,-12.0502
2.2649,2.4336,-1.5011,-0.5043,-12.1578
2.2891,2.4186,-1.4984,-0.5325,-12.2652
2.3131,2.4036,-1.5013,-0.5614,-12.372
2.337,2.3886,-1.5,-0.5908,-12.4784
2.3608,2.3736,-1.4987,-0.621,-12.5846
2.3844,2.3586,-1.5016,-0.6519,-12.6902
2.4078,2.3436,-1.5002,-0.6834,-12.7954
2.4311,2.3286,-1.4989,-0.7156,-12.9004
2.4542,2.3136,-1.5004,-0.7485,-13.005
2.4772,2.2986,-1.5005,-0.7822,-13.1092
2.5,2.2836,-1.4991,-0.8167,-13.2132
2.5227,2.2686,-1.5006,-0.8519,-13.3168
2.5453,2.2536,-1.5007,-0.8879,-13.42
2.5676,2.2386,-1.4993,-0.9247,-13.523
2.5899,2.2236,-1.4994,-0.9623,-13.6258
2.612,2.2086,-1.5009,-1.0009,-13.7282
2.6339,2.1936,-1.501,-1.0402,-13.8302
2.6557,2.1786,-1.4981,-1.0805,-13.9322
2.6773,2.1636,-1.5012,-1.1217,-14.0338
2.6988,2.1486,-1.4998,-1.1638,-14.1352
2.7201,2.1336,-1.4998,-1.2069,-14.2364
2.7413,2.1186,-1.4999,-1.2511,-14.3374
2.7624,2.1036,-1.5,-1.2963,-14.4382
2.7833,2.0886,-1.5001,-1.3426,-14.5388
2.804,2.0736,-1.5016,-1.3899,-14.639
2.8246,2.0586,-1.4987,-1.4384,-14.7392
2.845,2.0436,-1.4988,-1.4881,-14.8394
2.8653,2.0286,-1.5019,-1.5391,-14.9392
2.8854,2.0136,-1.4989,-1.5912,-15.039
2.9054,1.9986,-1.5005,-1.6448,-15.1386
2.9253,1.9836,-1.5006,-1.6996,-15.238
2.9449,1.9686,-1.4992,-1.7558,-15.3374
2.9645,1.9536,-1.5008,-1.8136,-15.4366
2.9839,1.9386,-1.4994,-1.8728,-15.5358
3.0031,1.9236,-1.501,-1.9336,-15.6348
3.0222,1.9086,-1.4995,-1.996,-15.7338
3.0411,1.8936,-1.4996,-2.0602,-15.8328
3.0599,1.8786,-1.4997,-2.1262,-15.9318
3.0785,1.8636,-1.5013,-2.1939,-16.0306
3.097,1.8486,-1.4984,-2.2637,-16.1296
3.1153,1.8336,-1.5015,-2.3354,-16.2284
3.1336,1.8186,-1.4986,-2.4093,-16.3274
3.1516,1.8036,-1.5018,-2.4854,-16.4262
3.1695,1.7886,-1.4988,-2.5637,-16.5252
3.1872,1.7736,-1.5005,-2.6445,-16.6242
3.2048,1.7586,-1.4991,-2.7278,-16.7234
3.2222,1.7436,-1.5007,-2.8139,-16.8226
3.2395,1.7286,-1.5009,-2.9027,-16.9218
3.2567,1.7136,-1.498,-2.9944,-17.0214
3.2736,1.6986,-1.5027,-3.0893,-17.1208
3.2905,1.6836,-1.4983,-3.1874,-17.2206
3.3072,1.6686,-1.4999,-3.2891,-17.3206
3.3237,1.6536,-1.5001,-3.3944,-17.4208
3.3401,1.6385,-1.5003,-3.5036,-17.5212
3.3563,1.6236,-1.5005,-3.6169,-17.6218
3.3724,1.6086,-1.5007,-3.7344,-17.7226
3.3883,1.5936,-1.4979,-3.8567,-17.824
3.4041,1.5786,-1.5011,-3.9841,-17.9256
3.4198,1.5635,-1.4999,-4.1167,-18.0276
3.4352,1.5486,-1.5016,-4.2548,-18.1298
3.4506,1.5336,-1.4975,-4.399,-18.2328
3.4657,1.5186,-1.5021,-4.5499,-18.336
3.4808,1.5036,-1.4995,-4.7075,-18.4398
3.4957,1.4886,-1.4984,-4.873,-18.5444
3.5104,1.4735,-1.5016,-5.0466,-18.6494
3.525,1.4586,-1.5006,-5.2288,-18.755
3.5394,1.4436,-1.4982,-5.4209,-18.8616
3.5537,1.4286,-1.5014,-5.6234,-18.9688
3.5679,1.4135,-1.4991,-5.8374,-19.077
3.5818,1.3985,-1.501,-6.064,-19.186
3.5957,1.3836,-1.5002,-6.3042,-19.296
3.6093,1.3686,-1.4995,-6.5598,-19.4072
3.6229,1.3536,-1.4989,-6.8328,-19.5198
3.6363,1.3386,-1.5023,-7.1245,-19.6334
3.6495,1.3236,-1.4979,-7.4374,-19.7488
3.6626,1.3085,-1.5015,-7.7745,-19.8656
3.6755,1.2936,-1.4999,-8.1385,-19.9842
3.6883,1.2816,-1.1952,-8.8437,-20.0979
3.7011,1.2736,-0.8007,-10.0814,-20.2112
3.7138,1.2666,-0.7007,-11.3468,-20.3252
3.7264,1.2601,-0.644,-12.6312,-20.4396
3.7389,1.2543,-0.5866,-13.9322,-20.5544
3.7514,1.249,-0.5291,-15.2488,-20.6697
3.7638,1.2443,-0.471,-16.5807,-20.7856
3.7762,1.2401,-0.4134,-17.9281,-20.9022
3.7886,1.2366,-0.3563,-19.2868,-21.019
3.8009,1.2336,-0.2978,-20.6553,-21.1365
3.8132,1.2312,-0.2401,-22.0332,-21.2544
3.8255,1.2294,-0.182,-23.4176,-21.3728
3.8378,1.2281,-0.1237,-24.8079,-21.4918
3.8501,1.2275,-0.0656,-26.2011,-21.6111
3.8624,1.2274,-0.0071,-27.5953,-21.731
3.8747,1.2279,0.0514,-28.9899,-21.8513
3.8869,1.229,0.1101,-30.3807,-21.9719
3.8993,1.2307,0.1686,-31.7669,-22.0931
3.9116,1.233,0.2278,-33.1468,-22.2145
3.9239,1.2359,0.2866,-34.5174,-22.3364
3.9363,1.2393,0.3458,-35.8783,-22.4587
3.9488,1.2434,0.4051,-37.2278,-22.5815
3.9612,1.248,0.4651,-38.5632,-22.7045
3.9738,1.2533,0.5244,-39.8831,-22.8279
3.9864,1.2591,0.5843,-41.1872,-22.9517
3.999,1.2656,0.6445,-42.4744,-23.076
4.0118,1.2726,0.7057,-43.7422,-23.2006
4.0246,1.2803,0.7658,-44.9897,-23.3255
4.0374,1.2885,0.827,-46.2171,-23.4509
4.0504,1.2974,0.8893,-47.4225,-23.5765
4.0635,1.3069,0.9496,-48.6061,-23.7028
4.0766,1.3171,1.0137,-49.7673,-23.8293
4.0899,1.3278,1.0749,-50.9056,-23.9565
4.1033,1.3392,1.1403,-52.0206,-24.0839
4.1168,1.3512,1.2025,-53.1118,-24.2119
4.1305,1.3639,1.2684,-54.1798,-24.3404
4.1442,1.3773,1.334,-55.2236,-24.4693
4.1582,1.3913,1.3993,-56.2438,-24.5989
4.1722,1.4059,1.4662,-57.2404,-24.7289
4.1864,1.4209,1.4982,-58.2133,-24.8596
4.2008,1.4359,1.4994,-59.1632,-24.9909
4.2153,1.4509,1.5005,-60.0895,-25.1227
4.2299,1.4659,1.5004,-60.9914,-25.2549
4.2448,1.4809,1.499,-61.8699,-25.3878
4.2597,1.4959,1.5002,-62.7252,-25.5211
4.2748,1.5109,1.5013,-63.5562,-25.6547
4.2901,1.5259,1.4987,-64.364,-25.7889
4.3055,1.5409,1.5011,-65.1488,-25.9233
4.3211,1.5559,1.4986,-65.9111,-26.0584
4.3368,1.5709,1.501,-66.6512,-26.1937
4.3526,1.5859,1.4998,-67.369,-26.3294
4.3686,1.6009,1.4998,-68.0655,-26.4656
4.3848,1.6159,1.4998,-68.741,-26.6022
4.4011,1.6309,1.501,-69.3955,-26.739
4.4176,1.6459,1.4986,-70.03,-26.8765
4.4342,1.6609,1.501,-70.6448,-27.0143
4.4509,1.6759,1.4998,-71.24,-27.1524
4.4678,1.6909,1.4998,-71.8163,-27.291
4.4849,1.7059,1.501,-72.3739,-27.4298
4.5021,1.7209,1.4987,-72.9135,-27.5693
4.5195,1.7359,1.5,-73.4359,-27.7092
4.537,1.7509,1.5,-73.9411,-27.8496
4.5546,1.7659,1.5012,-74.429,-27.9902
4.5724,1.7809,1.499,-74.9005,-28.1314
4.5904,1.7959,1.5002,-75.3562,-28.2731
4.6085,1.8109,1.4991,-75.7965,-28.4154
4.6268,1.8259,1.5004,-76.2215,-28.5582
4.6452,1.8409,1.5005,-76.6313,-28.7014
4.6637,1.8559,1.4994,-77.0265,-28.8453
4.6824,1.8709,1.5006,-77.4073,-28.9896
4.7013,1.8859,1.4996,-77.774,-29.1346
4.7203,1.9009,1.4997,-78.127,-29.2803
4.7395,1.9159,1.4998,-78.4665,-29.4266
4.7588,1.9309,1.5011,-78.7925,-29.5733
4.7782,1.9459,1.4989,-79.1054,-29.7209
4.7978,1.9609,1.5002,-79.4056,-29.8692
4.8176,1.9759,1.4992,-79.6931,-30.0184
4.8375,1.9909,1.5016,-79.9678,-30.168
4.8576,2.0059,1.4984,-80.2301,-30.3187
4.8778,2.0209,1.5007,-80.4802,-30.47
4.8981,2.0359,1.4998,-80.7179,-30.6223
4.9186,2.0509,1.5,-80.9435,-30.7754
4.9393,2.0659,1.5001,-81.157,-30.9294
4.9601,2.0809,1.4992,-81.3584,-31.0845
4.9811,2.0959,1.5005,-81.5477,-31.2405
5.0022,2.1109,1.4996,-81.7249,-31.3975
5.0234,2.1219,1.1019,-81.8898,-31.5553
5.0445,2.1104,-1.1474,-82.0414,-31.7124
5.0655,2.0954,-1.5013,-82.1792,-31.8681
5.0863,2.0804,-1.4994,-82.3032,-32.023
5.1069,2.0654,-1.4995,-82.414,-32.177
5.1274,2.0504,-1.5008,-82.5119,-32.3299
5.1478,2.0354,-1.4999,-82.5971,-32.4819
5.168,2.0204,-1.5001,-82.6699,-32.6331
5.188,2.0054,-1.5003,-82.7306,-32.7833
5.208,1.9904,-1.4993,-82.7792,-32.9329
5.2277,1.9754,-1.5006,-82.816,-33.0816
5.2473,1.9604,-1.5008,-82.8412,-33.2295
5.2668,1.9454,-1.4987,-82.8547,-33.3769
5.2861,1.9304,-1.5011,-82.8568,-33.5234
5.3052,1.9154,-1.5001,-82.8474,-33.6693
5.3242,1.9004,-1.4991,-82.8266,-33.8147
5.3431,1.8854,-1.5004,-82.7943,-33.9594
5.3618,1.8704,-1.5006,-82.7507,-34.1035
5.3803,1.8554,-1.4996,-82.6955,-34.2472
5.3987,1.8404,-1.4997,-82.6288,-34.3904
5.417,1.8254,-1.4999,-82.5503,-34.5332
5.4351,1.8104,-1.5012,-82.4601,-34.6753
5.4531,1.7954,-1.499,-82.3579,-34.8172
5.4709,1.7804,-1.5003,-82.2435,-34.9587
5.4885,1.7654,-1.5005,-82.1168,-35.0997
5.506,1.7504,-1.5006,-81.9776,-35.2403
5.5234,1.7354,-1.4984,-81.8255,-35.3809
5.5406,1.7204,-1.5009,-81.66,-35.521
5.5576,1.7054,-1.4999,-81.4811,-35.6609
5.5745,1.6904,-1.5012,-81.2884,-35.8004
5.5913,1.6754,-1.499,-81.0814,-35.9399
5.6079,1.6604,-1.4991,-80.8593,-36.0794
5.6243,1.6454,-1.5017,-80.6221,-36.2184
5.6406,1.6304,-1.4994,-80.3691,-36.3574
5.6568,1.6154,-1.4996,-80.0995,-36.4965
5.6728,1.6004,-1.5009,-79.8129,-36.6353
5.6887,1.5854,-1.4987,-79.5084,-36.7743
5.7044,1.5704,-1.5013,-79.1853,-36.9132
5.7199,1.5554,-1.499,-78.8428,-37.0522
5.7353,1.5404,-1.5016,-78.4802,-37.191
5.7506,1.5254,-1.4982,-78.0961,-37.3303
5.7657,1.5104,-1.5007,-77.6893,-37.4695
5.7806,1.4954,-1.5009,-77.2594,-37.6088
5.7954,1.4804,-1.4987,-76.8045,-37.7485
5.8101,1.4654,-1.5013,-76.3234,-37.8882
5.8246,1.4504,-1.4991,-75.8147,-38.0283
5.8389,1.4354,-1.4993,-75.2762,-38.1689
5.8532,1.4204,-1.5007,-74.7064,-38.3097
5.8672,1.4054,-1.5009,-74.1043,-38.4507
5.8811,1.3904,-1.4987,-73.4669,-38.5924
5.8949,1.3754,-1.5013,-72.7922,-38.7343
5.9085,1.3604,-1.4991,-72.0779,-38.8769
5.9219,1.3454,-1.5005,-71.3211,-39.0199
5.9352,1.3304,-1.4995,-70.519,-39.1635
5.9484,1.3154,-1.4997,-69.6682,-39.3079
5.9614,1.3004,-1.5011,-68.7662,-39.4526
5.9742,1.2854,-1.499,-67.8091,-39.5983
5.9869,1.2704,-1.5003,-66.7924,-39.7446
5.9995,1.2554,-1.5004,-65.7132,-39.8915
6.0119,1.2404,-1.4994,-64.5665,-40.0394
6.0241,1.2254,-1.5006,-63.348,-40.1879
6.0362,1.2104,-1.4995,-62.0532,-40.3372
6.0482,1.1954,-1.4995,-60.6763,-40.4875
6.06,1.1804,-1.5006,-59.2134,-40.6384
6.0717,1.1654,-1.4994,-57.6597,-40.7902
6.0832,1.1504,-1.5003,-56.0103,-40.9427
6.0945,1.1354,-1.5,-54.2618,-41.0958
6.1057,1.1204,-1.4995,-52.41,-41.2496
6.1168,1.1057,-1.4735,-50.4526,-41.4038
6.1277,1.0921,-1.3616,-48.3868,-41.5587
6.1385,1.0797,-1.2348,-46.2091,-41.7142
6.1492,1.0686,-1.1094,-43.9204,-41.8702
6.1598,1.0606,-0.8017,-41.5549,-41.9433
6.1704,1.0658,0.525,-40.5515,-41.6057
6.1812,1.0808,1.5006,-40.3083,-41.2616
6.1922,1.0958,1.4989,-40.0571,-40.91
6.2033,1.1108,1.5011,-39.7977,-40.552
6.2146,1.1258,1.4994,-39.5298,-40.1865
6.226,1.1408,1.4997,-39.253,-39.8136
6.2376,1.1558,1.5,-38.9668,-39.4332
6.2493,1.1708,1.5003,-38.671,-39.0454
6.2611,1.1858,1.5005,-38.3654,-38.6501
6.2731,1.2008,1.499,-38.0492,-38.2465
6.2853,1.2158,1.501,-37.7222,-37.8355
6.2976,1.2308,1.498,-37.3836,-37.4151
6.3101,1.2459,1.5016,-37.033,-36.9873
6.3227,1.2608,1.5002,-36.6705,-36.5511
6.3354,1.2758,1.499,-36.2948,-36.1057
6.3483,1.2908,1.5008,-35.9056,-35.6518
6.3614,1.3058,1.4996,-35.5023,-35.1887
6.3746,1.3208,1.4999,-35.0841,-34.7162
6.3879,1.3358,1.5002,-34.6504,-34.2345
6.4015,1.3508,1.4991,-34.2004,-33.7425
6.4151,1.3658,1.5009,-33.7333,-33.2413
6.4289,1.3808,1.4998,-33.2486,-32.7298
6.4429,1.3958,1.5002,-32.7453,-32.208
6.457,1.4108,1.4992,-32.2221,-31.6751
6.4712,1.4258,1.5008,-31.6783,-31.132
6.4857,1.4408,1.4986,-31.1128,-30.5768
6.5002,1.4558,1.5015,-30.5246,-30.0114
6.5149,1.4708,1.4994,-29.9131,-29.4338
6.5298,1.4858,1.4998,-29.2761,-28.8442
6.5448,1.5008,1.5001,-28.6129,-28.2425
6.5599,1.5158,1.5005,-27.9224,-27.6287
6.5753,1.5308,1.4997,-27.203,-27.0019
6.5907,1.5458,1.5,-26.4531,-26.362
6.6062,1.5531,0.73,-25.6734,-25.712
6.6216,1.5393,-1.3797,-24.8702,-25.061
6.6369,1.5244,-1.4996,-24.049,-24.409
6.652,1.5093,-1.4995,-23.2096,-23.7562
6.6669,1.4943,-1.5001,-22.3523,-23.1033
6.6817,1.4796,-1.48,-21.4778,-22.4505
6.6964,1.4653,-1.4272,-20.5854,-21.7967
6.7109,1.4515,-1.3735,-19.675,-21.1429
6.7253,1.4384,-1.318,-18.7467,-20.4882
6.7395,1.4257,-1.2646,-17.8005,-19.8334
6.7537,1.4136,-1.2095,-16.8364,-19.1778
6.7677,1.4021,-1.1555,-15.8541,-18.5212
6.7816,1.391,-1.1015,-14.8535,-17.8637
6.7954,1.3806,-1.0484,-13.8357,-17.2062
6.8091,1.3706,-0.994,-12.8009,-16.5478
6.8227,1.3612,-0.9404,-11.7489,-15.8884
6.8362,1.3524,-0.8869,-10.6798,-15.2281
6.8497,1.344,-0.8335,-9.5943,-14.5669
6.863,1.3362,-0.7801,-8.4928,-13.9047
6.8763,1.3289,-0.7268,-7.376,-13.2416
6.8896,1.3222,-0.6736,-6.2444,-12.5776
6.9027,1.316,-0.6208,-5.0996,-11.9136
6.9158,1.3103,-0.5668,-3.9417,-11.2477
6.9289,1.3052,-0.5141,-2.7705,-10.5809
6.9419,1.3006,-0.4614,-1.5887,-9.9141
6.9548,1.2965,-0.4077,-0.3965,-9.2454
6.9678,1.293,-0.3552,0.8052,-8.5767
6.9807,1.2899,-0.3019,2.0144,-7.9071
6.9935,1.2874,-0.2488,3.2308,-7.2366
7.0064,1.2855,-0.196,4.4525,-6.5661
7.0192,1.2841,-0.1428,5.6781,-5.8946
7.0321,1.2832,-0.0898,6.9074,-5.2222
7.0449,1.2828,-0.0368,8.1382,-4.5498
7.0577,1.283,0.0163,9.3692,-3.8765
7.0706,1.2837,0.0695,10.5993,-3.2032
7.0834,1.2849,0.1226,11.8262,-2.5299
7.0963,1.2866,0.1756,13.0496,-1.8556
7.1092,1.2889,0.229,14.2684,-1.1814
7.1221,1.2917,0.2821,15.4812,-0.5062
7.135,1.2951,0.3358,16.6861,0.1681
7.148,1.299,0.3889,17.8811,0.8423
7.1611,1.3034,0.4421,19.067,1.5175
7.1742,1.3084,0.4959,20.2425,2.1927
7.1873,1.3139,0.5499,21.4053,2.8669
7.2005,1.3199,0.6028,22.5551,3.5421
7.2138,1.3265,0.657,23.6921,4.2173
7.2271,1.3336,0.7114,24.8137,4.8915
7.2405,1.3412,0.7645,25.9202,5.5667
7.254,1.3494,0.8192,27.0117,6.2419
7.2676,1.3582,0.8736,28.0868,6.9171
7.2813,1.3674,0.9281,29.145,7.5923
7.295,1.3773,0.9835,30.1853,8.2665
7.3089,1.3876,1.0363,31.2086,8.9426
7.3229,1.3986,1.0936,32.2147,9.6178
7.337,1.41,1.1482,33.2019,10.293
7.3512,1.4221,1.203,34.1713,10.9691
7.3656,1.4347,1.2589,35.1235,11.6461
7.38,1.4478,1.3168,36.0571,12.3222
7.3946,1.4616,1.3715,36.9718,12.9993
7.4094,1.4758,1.4282,37.8691,13.6772
7.4243,1.4907,1.4812,38.7488,14.3561
7.4394,1.5057,1.5005,39.6104,15.035
7.4546,1.5207,1.5004,40.4533,15.7139
7.4699,1.5357,1.4992,41.2784,16.3938
7.4854,1.5507,1.5011,42.0851,17.0727
7.5011,1.5657,1.4989,42.8736,17.7525
7.5169,1.5807,1.5008,43.6443,18.4314
7.5328,1.5957,1.4997,44.3967,19.1103
7.549,1.6107,1.4996,45.1318,19.7892
7.5652,1.6257,1.5005,45.8493,20.4672
7.5816,1.6407,1.5004,46.549,21.1442
7.5982,1.6557,1.4993,47.2317,21.8212
7.6149,1.6707,1.5002,47.8979,22.4974
7.6317,1.6857,1.5002,48.5474,23.1725
7.6488,1.7007,1.5001,49.1805,23.8468
7.6659,1.7157,1.5,49.7977,24.5201
7.6832,1.7307,1.5,50.3993,25.1925
7.7007,1.7457,1.4999,50.9858,25.864
7.7183,1.7607,1.4999,51.5574,26.5345
7.736,1.7741,1.3473,52.1141,27.2032
7.7537,1.7661,-0.8051,52.6527,27.8616
7.7712,1.7511,-1.4991,53.1702,28.5089
7.7885,1.7361,-1.5005,53.6666,29.1441
7.8058,1.7211,-1.4998,54.143,29.7681
7.8228,1.7061,-1.5001,54.6004,30.381
7.8397,1.6911,-1.4993,55.0401,30.9836
7.8565,1.6761,-1.5007,55.4627,31.5751
7.8731,1.6611,-1.4999,55.869,32.1563
7.8896,1.6461,-1.5002,56.2598,32.7274
7.9059,1.6311,-1.5005,56.6359,33.2881
7.922,1.6161,-1.4996,56.9981,33.8396
7.9381,1.6011,-1.4998,57.3472,34.3818
7.9539,1.5861,-1.5001,57.6837,34.9147
7.9696,1.5711,-1.5004,58.0081,35.4383
7.9852,1.5561,-1.5007,58.3209,35.9526
8.0006,1.5411,-1.4982,58.623,36.4594
8.0159,1.5261,-1.5012,58.9148,36.957
8.031,1.5111,-1.5001,59.1964,37.4462
8.0459,1.4961,-1.5004,59.4684,37.927
8.0607,1.4811,-1.4991,59.7314,38.4004
8.0754,1.4661,-1.4993,59.986,38.8663
8.0899,1.4511,-1.5011,60.2322,39.3238
8.1043,1.4361,-1.5014,60.47,39.773
8.1185,1.4211,-1.4985,60.7003,40.2157
8.1325,1.4061,-1.5003,60.9233,40.651
8.1465,1.3911,-1.4988,61.1395,41.0797
8.1602,1.3761,-1.5023,61.3488,41.5
8.1738,1.3611,-1.4976,61.5516,41.9148
8.1873,1.3461,-1.5028,61.7481,42.3212
8.2006,1.3311,-1.4979,61.9385,42.7221
8.2137,1.3161,-1.5016,62.1232,43.1155
8.2268,1.3011,-1.4982,62.3024,43.5033
8.2397,1.2861,-1.5002,62.4765,43.8846
8.2523,1.2711,-1.5023,62.6451,44.2584
8.2649,1.2561,-1.4987,62.8087,44.6267
8.2773,1.2411,-1.4989,62.9677,44.9894
8.2896,1.2261,-1.501,63.1221,45.3456
8.3017,1.2111,-1.5012,63.2719,45.6953
8.3136,1.1961,-1.4994,63.4173,46.0394
8.3255,1.1811,-1.4995,63.5587,46.3779
8.3371,1.1661,-1.4997,63.6961,46.7108
8.3486,1.1511,-1.4998,63.8297,47.0382
8.36,1.1361,-1.5021,63.9593,47.359
8.3712,1.1211,-1.498,64.0854,47.6752
8.3823,1.1061,-1.5025,64.2078,47.9849
8.3932,1.0911,-1.4982,64.3268,48.29
8.404,1.0761,-1.4983,64.4428,48.5904
8.4145,1.0611,-1.5031,64.5554,48.8842
8.425,1.0461,-1.4986,64.6648,49.1735
8.4353,1.0311,-1.5011,64.7713,49.4571
8.4455,1.0161,-1.4988,64.8748,49.7361
8.4555,1.0011,-1.5015,64.9754,50.0095
8.4653,0.9861,-1.4991,65.0733,50.2783
8.4751,0.9711,-1.4991,65.1686,50.5424
8.4846,0.9561,-1.502,65.2612,50.801
8.494,0.9389,-1.7181,65.2011,50.8399
8.5034,0.9448,0.5951,61.0957,50.1213
8.513,0.958,1.3205,55.7929,49.4267
8.5228,0.9729,1.4874,51.2314,48.7565
8.5326,0.9879,1.4999,47.3125,48.1093
8.5427,1.0029,1.4998,43.9341,47.4835
8.5528,1.0179,1.5007,41.0069,46.8782
8.5632,1.0329,1.4991,38.4521,46.2902
8.5737,1.0479,1.5007,36.2058,45.719
8.5843,1.0629,1.4995,34.2164,45.162
8.5951,1.0779,1.4994,32.4404,44.6179
8.606,1.0929,1.5005,30.8451,44.0859
8.6171,1.1079,1.5,29.4036,43.5647
8.6283,1.1229,1.5001,28.0929,43.0532
8.6397,1.1379,1.4992,26.894,42.5498
8.6512,1.1529,1.5004,25.7919,42.0546
8.6629,1.1679,1.5,24.7748,41.5665
8.6747,1.1829,1.5002,23.8317,41.0851
8.6867,1.1979,1.4995,22.9537,40.6093
8.6988,1.2129,1.4996,22.1327,40.1385
8.7111,1.2279,1.5003,21.3629,39.6729
8.7235,1.2429,1.5002,20.639,39.2119
8.7361,1.2579,1.4992,19.9557,38.7544
8.7488,1.2729,1.5006,19.3091,38.301
8.7617,1.2879,1.4995,18.6957,37.8507
8.7747,1.3029,1.5009,18.1125,37.4039
8.7879,1.3179,1.4988,17.5563,36.9592
8.8013,1.3329,1.5009,17.0248,36.5175
8.8147,1.3479,1.4987,16.5157,36.0774
8.8284,1.3629,1.5008,16.0271,35.6398
8.8421,1.3779,1.5003,15.5579,35.2043
8.8561,1.3929,1.4989,15.1058,34.7698
8.8702,1.4079,1.501,14.6695,34.3373
8.8844,1.4229,1.4995,14.2482,33.9058
8.8988,1.4379,1.4998,13.8401,33.4754
8.9133,1.4529,1.5,13.4446,33.046
8.928,1.4679,1.5003,13.0606,32.6176
8.9428,1.4829,1.4996,12.6873,32.1897
8.9578,1.4979,1.5007,12.324,31.7628
8.9729,1.5129,1.4992,11.9699,31.3359
8.9882,1.5279,1.5003,11.624,30.9096
9.0036,1.5429,1.4996,11.286,30.4832
9.0192,1.5579,1.5006,10.9552,30.0574
9.0349,1.5729,1.499,10.6312,29.631
9.0508,1.5879,1.501,10.3133,29.2051
9.0668,1.6029,1.4994,10.0013,28.7788
9.083,1.6179,1.4996,9.6943,28.3519
9.0993,1.6329,1.5006,9.3923,27.925
9.1158,1.6479,1.4999,9.0948,27.4977
9.1324,1.6629,1.5,8.8014,27.0698
9.1492,1.6779,1.4993,8.5116,26.6409
9.1662,1.6929,1.5003,8.2251,26.2114
9.1832,1.7079,1.5005,7.9419,25.7815
9.2005,1.7229,1.4988,7.6613,25.3501
9.2179,1.7379,1.5008,7.3831,24.9181
9.2354,1.7529,1.5,7.1073,24.4851
9.2529,1.7581,0.5187,6.8341,24.0536
9.2704,1.7436,-1.4448,6.5656,23.6278
9.2877,1.7286,-1.4996,6.3025,23.2075
9.3048,1.7136,-1.5008,6.0449,22.7934
9.3218,1.6986,-1.4993,5.7923,22.3844
9.3386,1.6836,-1.5005,5.5444,21.981
9.3553,1.6686,-1.5008,5.3009,21.5832
9.3719,1.6536,-1.4991,5.0615,21.19
9.3883,1.6386,-1.5003,4.8258,20.8019
9.4045,1.6236,-1.5005,4.5938,20.4189
9.4206,1.6086,-1.4998,4.3652,20.0405
9.4365,1.5936,-1.5,4.1396,19.6666
9.4523,1.5786,-1.5002,3.917,19.2974
9.4679,1.5636,-1.5004,3.6973,18.9327
9.4834,1.5486,-1.4995,3.4802,18.5722
9.4988,1.5336,-1.4997,3.2654,18.2157
9.5139,1.5186,-1.5009,3.053,17.8638
9.529,1.5036,-1.5,2.8428,17.516
9.5439,1.4886,-1.499,2.6347,17.1717
9.5586,1.4736,-1.5014,2.4285,16.832
9.5732,1.4586,-1.4993,2.2242,16.496
9.5876,1.4436,-1.5005,2.0217,16.1639
9.6019,1.4286,-1.4995,1.8209,15.8355
9.616,1.4136,-1.4996,1.6215,15.5106
9.63,1.3986,-1.5009,1.4237,15.1898
9.6439,1.3836,-1.4998,1.2274,14.8726
9.6575,1.3686,-1.4999,1.0325,14.559
9.6711,1.3536,-1.5,0.8388,14.2489
9.6845,1.3386,-1.5001,0.6464,13.9424
9.6977,1.3236,-1.5002,0.4553,13.6394
9.7108,1.3086,-1.499,0.2652,13.3396
9.7237,1.2936,-1.5016,0.0762,13.0438
9.7365,1.2786,-1.4991,-0.1115,12.751
9.7491,1.2636,-1.5005,-0.2983,12.4619
9.7616,1.2486,-1.4992,-0.4841,12.1757
9.774,1.2336,-1.5006,-0.6689,11.8932
9.7862,1.2186,-1.4993,-0.8528,11.6137
9.7982,1.2036,-1.5008,-1.0357,11.3378
9.8101,1.1886,-1.4994,-1.2177,11.065
9.8218,1.1736,-1.5009,-1.3988,10.7957
9.8334,1.1586,-1.4995,-1.579,10.5295
9.8448,1.1436,-1.4995,-1.7584,10.2663
9.8561,1.1286,-1.501,-1.9368,10.0067
9.8673,1.1136,-1.4981,-2.1145,9.7497
9.8782,1.0986,-1.5026,-2.2913,9.4967
9.8891,1.0836,-1.4981,-2.4671,9.2463
9.8998,1.0686,-1.5012,-2.6421,8.9995
9.9103,1.0536,-1.4996,-2.8162,8.7557
9.9207,1.0386,-1.4996,-2.9894,8.515
9.9309,1.0236,-1.4996,-3.1618,8.2773
9.941,1.0086,-1.5013,-3.3332,8.0432
9.951,0.9936,-1.4997,-3.5036,7.8122
9.9607,0.9786,-1.4996,-3.6731,7.5842
9.9704,0.9636,-1.4996,-3.8417,7.3593
9.9799,0.9486,-1.5013,-4.0092,7.138
9.9892,0.9336,-1.4996,-4.1756,6.9197
9.9984,0.9186,-1.4996,-4.341,6.7045
10.0074,0.9036,-1.4996,-4.5054,6.4923
10.0163,0.8886,-1.4995,-4.6688,6.2832
10.025,0.8736,-1.5014,-4.831,6.0777
10.0336,0.8586,-1.4995,-4.9919,5.8752
10.0421,0.8436,-1.4994,-5.1516,5.6758
10.0504,0.8286,-1.5013,-5.3101,5.48
10.0585,0.8136,-1.4994,-5.4671,5.2872
10.0665,0.7986,-1.4993,-5.6229,5.0975
10.0743,0.7836,-1.5013,-5.7773,4.9113
10.082,0.7686,-1.4992,-5.9302,4.7282
10.0895,0.7536,-1.4991,-6.0817,4.5482
10.0969,0.7386,-1.5012,-6.2317,4.3717
10.1042,0.7236,-1.499,-6.38,4.1983
10.1112,0.7086,-1.5012,-6.5266,4.0285
10.1182,0.6936,-1.4989,-6.6716,3.8617
10.125,0.6786,-1.5011,-6.8148,3.6985
10.1316,0.6636,-1.4987,-6.9561,3.5384
10.1381,0.6486,-1.501,-7.0956,3.3818
10.1444,0.6336,-1.501,-7.233,3.2288
10.1506,0.6186,-1.4985,-7.3684,3.0789
10.1566,0.6036,-1.4983,-7.5021,2.932
10.1625,0.5886,-1.5035,-7.6334,2.7892
10.1683,0.5736,-1.4981,-7.7624,2.6495
10.1738,0.5586,-1.5008,-7.8893,2.5133
10.1793,0.5436,-1.4978,-8.0139,2.3802
10.1846,0.5286,-1.5006,-8.1363,2.2506
10.1897,0.5136,-1.5005,-8.2561,2.1247
10.1947,0.4986,-1.5005,-8.3733,2.0023
10.1995,0.4836,-1.5004,-8.4879,1.8834
10.2042,0.4686,-1.5004,-8.5998,1.7682
10.2087,0.4536,-1.5003,-8.7089,1.6565
10.2131,0.4386,-1.4967,-8.8154,1.5479
10.2174,0.4236,-1.5036,-8.919,1.4433
10.2215,0.4086,-1.4962,-9.0197,1.3418
10.2254,0.3936,-1.5037,-9.1175,1.2444
10.2292,0.3786,-1.4999,-9.212,1.1506
10.2328,0.3636,-1.4954,-9.3036,1.0598
10.2363,0.3486,-1.5037,-9.3922,0.9731
10.2396,0.3336,-1.4994,-9.4773,0.89
10.2428,0.3186,-1.4992,-9.5592,0.8104
10.2459,0.3035,-1.499,-9.6379,0.7344
10.2488,0.2885,-1.5042,-9.713,0.6625
10.2515,0.2736,-1.499,-9.7845,0.5942
10.2541,0.2586,-1.4987,-9.8526,0.5294
10.2565,0.2436,-1.4983,-9.9172,0.4682
10.2588,0.2285,-1.4979,-9.9785,0.4106
10.2609,0.2135,-1.5047,-10.0359,0.357
10.2629,0.1985,-1.4977,-10.0896,0.307
10.2647,0.1836,-1.5056,-10.1394,0.2611
10.2665,0.1685,-1.4882,-10.1857,0.2183
10.268,0.1535,-1.5157,-10.228,0.18
10.2694,0.1386,-1.4861,-10.2665,0.1448
10.2706,0.1235,-1.5065,-10.3012,0.1137
10.2717,0.1085,-1.4943,-10.3321,0.0862
10.2726,0.0934,-1.5088,-10.3589,0.0627
10.2734,0.0784,-1.4929,-10.3817,0.0428
10.274,0.0635,-1.5142,-10.4006,0.027
10.2745,0.0483,-1.4571,-10.4156,0.0143
10.2749,0.0331,-1.5541,-10.4267,0.0061
10.275,0.0184,-1.491,-10.4334,0.0015